SUBJECT,NUMBER
AAMS,4397
AAMS,2300
AAMS,2300
AAS,2320
AAS,3301
AAS,2330
AAS,2320
AAS,2320
AAS,2320
AAS,4370
AAS,2320
AAS,2320
AAS,6307
AAS,2320
AAS,3394
AAS,3349
AAS,2330
AAS,2320
AAS,2320
ACCT,2301
ACCT,3366
ACCT,5371
ACCT,7397
ACCT,2301
ACCT,3367
ACCT,3367
ACCT,3368
ACCT,7397
ACCT,3371
ACCT,7375
ACCT,2301
ACCT,4331
ACCT,5375
ACCT,7330
ACCT,8999
ACCT,6331
ACCT,3367
ACCT,3367
ACCT,2301
ACCT,7330
ACCT,3371
ACCT,3367
ACCT,5337
ACCT,3366
ACCT,5331
ACCT,7378
ACCT,4335
ACCT,3377
ACCT,2301
ACCT,3371
ACCT,3368
ACCT,8333
ACCT,2302
ACCT,6331
ACCT,4335
ACCT,3367
ACCT,4330
ACCT,7373
ACCT,2301
ACCT,4331
ACCT,8999
ACCT,2302
ACCT,5368
ACCT,4331
ACCT,2302
ACCT,3366
ACCT,5301
ACCT,7375
ACCT,3366
ACCT,4106
ACCT,7372
ACCT,3377
ACCT,7340
ACCT,4330
ACCT,5331
ACCT,8397
ACCT,2302
ACCT,3377
ACCT,2301
ACCT,4335
ACCT,4332
ACCT,2302
ACCT,4396
ACCT,4105
ACCT,5332
ACCT,6331
ACCT,4108
ACCT,4375
ACCT,8699
ACCT,7397
ACCT,8396
ACCT,7370
ACCT,5377
ACCT,8398
ACCT,7340
ACCT,7362
ACCT,2302
ACCT,5332
ACCT,2302
ACCT,7374
ACCT,8999
ACCT,2302
ACCT,2302
ACCT,7397
ACCT,6331
ACCT,5330
ACCT,7385
ACCT,3368
ACCT,4380
ACCT,7375
ACCT,3377
ACCT,2302
ACCT,5337
ACCT,4331
ACCT,2301
ACCT,2302
ACCT,5368
ACCT,3366
ACCT,5330
ACCT,5397
ACCT,2302
ACCT,7396
ACCT,5376
ACCT,4331
ACCT,5371
ACCT,3371
ACCT,5367
ACCT,2301
ACCT,5335
ACCT,4332
AFSC,4302
AFSC,2202
AFSC,1202
AFSC,3302
ANTH,4331
ANTH,3375
ANTH,6395
ANTH,4393
ANTH,4372
ANTH,6399
ANTH,6399
ANTH,4398
ANTH,2301
ANTH,4394
ANTH,6399
ANTH,6399
ANTH,4394
ANTH,7399
ANTH,3348
ANTH,7399
ANTH,4394
ANTH,7399
ANTH,6392
ANTH,7399
ANTH,4310
ANTH,7399
ANTH,4363
ANTH,4325
ANTH,4393
ANTH,3396
ANTH,6392
ANTH,6372
ANTH,2302
ANTH,2346
ANTH,7399
ANTH,3399
ANTH,6392
ANTH,6315
ANTH,4394
ANTH,2351
ANTH,4376
ANTH,3364
ANTH,6325
ANTH,6376
ARAB,3302
ARAB,3314
ARAB,2312
ARAB,1502
ARAB,1502
ARCH,1360
ARCH,5500
ARCH,2501
ARCH,3501
ARCH,3397
ARCH,4354
ARCH,3397
ARCH,3501
ARCH,6397
ARCH,6397
ARCH,5500
ARCH,3398
ARCH,3501
ARCH,3501
ARCH,3198
ARCH,4321
ARCH,6397
ARCH,6397
ARCH,5593
ARCH,5500
ARCH,3397
ARCH,6397
ARCH,4367
ARCH,4397
ARCH,3397
ARCH,6198
ARCH,4328
ARCH,5500
ARCH,5500
ARCH,6604
ARCH,5500
ARCH,6604
ARCH,1501
ARCH,6397
ARCH,2501
ARCH,"   6A21"
ARCH,5500
ARCH,1501
ARCH,"   6A51"
ARCH,1501
ARCH,3501
ARCH,4351
ARCH,6397
ARCH,5500
ARCH,6397
ARCH,5500
ARCH,6355
ARCH,3328
ARCH,1501
ARCH,3397
ARCH,6397
ARCH,6398
ARCH,5500
ARCH,6367
ARCH,7601
ARCH,3332
ARCH,2351
ARCH,6351
ARCH,2501
ARCH,2501
ARCH,7601
ARCH,6397
ARCH,1501
ARCH,1198
ARCH,2501
ARCH,3342
ARCH,3397
ARCH,2501
ARCH,6360
ARCH,7601
ARCH,4393
ARCH,6342
ARCH,3397
ARCH,6398
ARCH,1501
ARCH,6397
ARCH,3501
ARCH,1501
ARCH,6357
ARCH,6397
ARCH,3347
ARCH,6604
ARCH,3397
ARCH,6397
ARCH,"   6A49"
ARCH,2328
ARCH,3397
ARCH,6397
ARCH,6397
ARCH,3501
ARCH,6601
ARCH,"   6A23"
ARCH,6341
ARCH,6398
ARCH,4398
ARCH,5500
ARCH,1501
ARCH,4324
ARCH,6324
ARCH,3501
ARCH,1501
ARCH,6398
ARCH,3397
ARCH,3397
ARCH,3397
ARCH,4355
ARCH,5500
ARCH,3198
ARCH,3397
ARCH,1210
ARCH,3397
ARCH,2501
ARED,4345
ARED,6345
ARED,3305
ARED,7352
ARED,2310
ARLD,6198
ARLD,6340
ARLD,6395
ARLD,3300
ARLD,4397
ARLD,6395
ARLD,6315
ARLD,6325
ARLD,6395
ARLD,6300
ARLD,6395
ARLD,6691
ARLD,6395
ARTH,4399
ARTH,3334
ARTH,7393
ARTH,7398
ARTH,4383
ARTH,6394
ARTH,3301
ARTH,6394
ARTH,6394
ARTH,3394
ARTH,4394
ARTH,7393
ARTH,3335
ARTH,6394
ARTH,6394
ARTH,4394
ARTH,7399
ARTH,3394
ARTH,7399
ARTH,7381
ARTH,7399
ARTH,6303
ARTH,6334
ARTH,6333
ARTH,3333
ARTH,6331
ARTH,4388
ARTH,6394
ARTH,4394
ARTH,3394
ARTH,2388
ARTH,3303
ARTH,7399
ARTH,6395
ARTH,6394
ARTS,3301
ARTS,2316
ARTS,3316
ARTS,3377
ARTS,4302
ARTS,1316
ARTS,1372
ARTS,2356
ARTS,4335
ARTS,4397
ARTS,4375
ARTS,4334
ARTS,4365
ARTS,2346
ARTS,3376
ARTS,6308
ARTS,2311
ARTS,3350
ARTS,4392
ARTS,3310
ARTS,7398
ARTS,4362
ARTS,3335
ARTS,4397
ARTS,7398
ARTS,3337
ARTS,3331
ARTS,1311
ARTS,3304
ARTS,4360
ARTS,1311
ARTS,3375
ARTS,6360
ARTS,4374
ARTS,2356
ARTS,6396
ARTS,6397
ARTS,3304
ARTS,2326
ARTS,3334
ARTS,6397
ARTS,1304
ARTS,1383
ARTS,1316
ARTS,4398
ARTS,3312
ARTS,6385
ARTS,1304
ARTS,6396
ARTS,2333
ARTS,4396
ARTS,3334
ARTS,6310
ARTS,4303
ARTS,3372
ARTS,2346
ARTS,3330
ARTS,1303
ARTS,3374
ARTS,3384
ARTS,2311
ARTS,2326
ARTS,3371
ARTS,2311
ARTS,6330
ARTS,3396
ARTS,2326
ARTS,7398
ARTS,7398
ARTS,6300
ARTS,2326
ARTS,4300
ARTS,4361
ARTS,7310
ARTS,3330
ARTS,3384
ARTS,1316
ARTS,3366
ARTS,6370
ARTS,2316
ARTS,4304
ARTS,1372
ARTS,3336
ARTS,1316
ARTS,6305
ARTS,4363
ARTS,2316
ARTS,6395
ARTS,3361
ARTS,7310
ARTS,3304
ARTS,3374
ARTS,3300
ARTS,3396
ARTS,2356
ARTS,4398
ARTS,4395
ARTS,3313
ARTS,4305
ARTS,2326
ARTS,3374
ARTS,2316
ARTS,4364
ARTS,3313
ARTS,6397
ARTS,2326
ARTS,4333
ARTS,4301
ARTS,3309
ARTS,3300
ARTS,1316
ARTS,6397
ARTS,6394
ARTS,3383
ARTS,3331
ARTS,2348
ARTS,2356
ARTS,3365
ARTS,1311
ARTS,2333
ARTS,1316
ARTS,2346
ARTS,4373
ARTS,3370
ARTS,3396
ARTS,1311
ARTS,2348
ARTS,3367
ARTS,3311
ARTS,3360
ASLI,2335
ASLI,3433
ASLI,4489
ASLI,4335
ASLI,4368
ATP,7322
ATP,7196
ATP,6324
ATP,7321
ATP,7297
ATP,6293
ATP,7195
ATP,6123
ATP,6323
BCHS,8999
BCHS,3201
BCHS,4313
BCHS,6298
BCHS,4397
BCHS,3201
BCHS,4311
BCHS,4313
BCHS,8999
BCHS,4306
BCHS,4397
BCHS,6898
BCHS,6298
BCHS,4313
BCHS,3201
BCHS,3304
BCHS,6227
BCHS,4355
BCHS,6698
BCHS,4307
BCHS,6297
BCHS,6698
BCHS,3201
BCHS,3305
BCHS,6598
BCHS,8399
BCHS,6198
BCHS,3201
BCHS,8999
BCHS,8898
BCHS,3201
BCHS,4313
BCHS,8798
BCHS,3304
BCHS,6298
BCHS,3304
BCHS,6230
BCHS,3201
BCHS,8598
BCHS,3201
BCHS,6698
BCHS,6898
BCHS,4314
BCHS,6298
BCHS,3304
BCHS,6113
BCHS,6198
BCHS,3201
BCHS,8998
BCHS,3201
BCHS,8898
BCHS,6397
BCHS,6231
BCHS,6298
BCHS,6498
BCHS,6598
BCHS,4304
BCHS,8999
BCHS,8598
BCHS,4398
BCIS,1305
BCIS,1305
BCIS,1305
BIOE,4310
BIOE,7399
BIOE,4350
BIOE,6399
BIOE,8999
BIOE,8398
BIOE,8398
BIOE,8399
BIOE,8298
BIOE,8399
BIOE,8399
BIOE,4309
BIOE,8398
BIOE,8298
BIOE,8398
BIOE,8398
BIOE,8398
BIOE,8598
BIOE,8699
BIOE,8699
BIOE,6198
BIOE,6349
BIOE,8598
BIOE,4150
BIOE,6398
BIOE,6320
BIOE,8398
BIOE,6309
BIOE,4150
BIOE,8399
BIOE,6398
BIOE,8298
BIOE,6342
BIOE,6398
BIOE,4302
BIOE,8399
BIOE,6300
BIOE,3340
BIOE,8398
BIOE,8298
BIOE,8699
BIOE,8699
BIOE,8598
BIOE,4347
BIOE,3341
BIOE,4336
BIOE,3340
BIOE,8398
BIOE,8699
BIOE,6306
BIOE,8598
BIOE,8398
BIOE,8598
BIOE,8598
BIOE,8598
BIOE,5317
BIOE,3140
BIOE,8399
BIOE,8298
BIOE,6307
BIOE,8398
BIOE,8398
BIOE,8699
BIOE,8999
BIOE,3341
BIOE,8598
BIOE,8598
BIOE,8398
BIOE,8298
BIOE,8398
BIOE,4336
BIOE,8699
BIOE,4313
BIOE,6346
BIOE,8399
BIOE,8598
BIOE,8598
BIOE,8298
BIOE,8598
BIOE,6111
BIOE,8298
BIOE,3341
BIOE,3341
BIOE,8298
BIOE,8398
BIOE,6310
BIOE,4302
BIOE,8598
BIOE,8598
BIOE,8398
BIOE,4150
BIOE,2331
BIOE,8298
BIOE,8598
BIOE,4342
BIOE,8298
BIOE,7399
BIOE,8699
BIOE,8598
BIOE,4313
BIOE,6111
BIOE,6349
BIOE,4347
BIOE,4150
BIOE,8699
BIOE,4348
BIOE,8598
BIOE,8398
BIOE,8298
BIOE,4397
BIOE,6307
BIOE,8298
BIOE,6397
BIOE,8298
BIOE,8298
BIOE,4349
BIOE,8399
BIOE,8298
BIOE,8398
BIOE,8399
BIOE,8398
BIOE,3140
BIOE,6306
BIOE,8198
BIOE,8699
BIOE,7399
BIOE,8699
BIOE,4349
BIOE,8598
BIOE,8298
BIOE,6340
BIOE,8598
BIOE,8398
BIOL,3324
BIOL,1107
BIOL,1107
BIOL,2121
BIOL,8999
BIOL,3301
BIOL,2121
BIOL,4398
BIOL,1107
BIOL,1197
BIOL,2120
BIOL,2102
BIOL,1107
BIOL,1107
BIOL,3301
BIOL,2121
BIOL,1107
BIOL,2121
BIOL,1107
BIOL,8998
BIOL,4330
BIOL,6110
BIOL,2102
BIOL,1309
BIOL,3306
BIOL,6356
BIOL,8898
BIOL,6398
BIOL,6698
BIOL,4103
BIOL,1307
BIOL,2102
BIOL,6498
BIOL,2121
BIOL,2102
BIOL,1107
BIOL,2121
BIOL,1107
BIOL,1107
BIOL,2121
BIOL,4206
BIOL,2102
BIOL,1107
BIOL,1107
BIOL,6798
BIOL,8998
BIOL,6374
BIOL,1307
BIOL,2102
BIOL,6354
BIOL,1307
BIOL,1107
BIOL,1107
BIOL,3341
BIOL,8798
BIOL,7167
BIOL,1107
BIOL,6698
BIOL,1107
BIOL,8898
BIOL,6330
BIOL,1107
BIOL,1107
BIOL,1107
BIOL,3368
BIOL,7399
BIOL,8898
BIOL,4309
BIOL,2102
BIOL,6222
BIOL,1107
BIOL,1307
BIOL,6898
BIOL,1107
BIOL,1107
BIOL,8898
BIOL,4315
BIOL,4320
BIOL,6998
BIOL,8999
BIOL,2102
BIOL,8798
BIOL,2121
BIOL,1307
BIOL,4374
BIOL,4206
BIOL,4397
BIOL,7124
BIOL,2102
BIOL,8598
BIOL,8399
BIOL,1307
BIOL,1107
BIOL,4340
BIOL,6240
BIOL,4396
BIOL,4103
BIOL,1107
BIOL,2102
BIOL,2102
BIOL,6598
BIOL,6998
BIOL,6368
BIOL,3397
BIOL,2102
BIOL,6498
BIOL,6598
BIOL,6498
BIOL,4374
BIOL,1107
BIOL,1107
BIOL,1107
BIOL,4374
BIOL,1107
BIOL,4397
BIOL,6397
BIOL,1319
BIOL,4374
BIOL,3224
BIOL,2121
BIOL,4397
BIOL,1197
BIOL,6598
BIOL,1307
BIOL,2121
BIOL,8998
BIOL,1107
BIOL,1107
BIOL,1107
BIOL,1107
BIOL,6374
BIOL,2102
BIOL,6898
BIOL,6898
BIOL,1107
BIOL,4356
BIOL,4397
BIOL,4103
BIOL,3306
BIOL,4399
BIOL,1107
BIOL,2321
BIOL,2102
BIOL,6397
BIOL,1107
BIOL,8798
BIOL,1107
BIOL,6598
BIOL,1307
BIOL,8999
BIOL,6298
BIOL,8898
BIOL,2301
BIOL,2121
BIOL,6374
BIOL,6898
BIOL,3301
BIOL,2321
BIOL,1309
BIOL,1107
BIOL,2102
BIOL,6298
BIOL,8898
BIOL,2302
BIOL,1107
BIOL,2302
BIOL,1107
BIOL,2102
BIOL,8798
BIOL,8898
BIOL,1107
BIOL,6315
BIOL,3311
BIOL,3306
BIOL,6798
BIOL,4354
BIOL,4206
BIOL,4398
BIOL,1107
BIOL,4398
BIOL,6898
BIOL,6309
BIOL,7124
BIOL,2102
BIOL,3311
BIOL,1107
BIOL,1107
BIOL,4396
BIOL,2102
BIOL,1107
BIOL,4347
BIOL,1107
BIOL,2121
BIOL,7124
BIOL,6898
BIOL,3306
BIOL,2120
BIOL,6350
BIOL,1107
BIOL,2102
BIOL,2102
BIOL,4397
BIOL,1107
BIOL,3301
BIOL,6898
BIOL,8698
BIOL,2102
BIOL,1307
BIOL,2102
BIOL,6898
BIOL,4315
BIOL,6898
BIOL,4399
BIOL,3301
BIOL,1107
BIOL,2102
BIOL,4396
BIOL,6598
BIOL,6898
BIOL,8698
BIOL,8999
BIOL,6598
BIOL,2102
BTEC,3320
BTEC,1322
BTEC,6303
BTEC,3321
BTEC,6302
BTEC,6401
BTEC,3200
BTEC,6399
BTEC,3317
BTEC,4101
BTEC,6399
BTEC,4301
BTEC,4350
BTEC,6396
BTEC,4319
BTEC,6101
BTEC,6399
BTEC,3200
BTEC,6100
BTEC,6399
BTEC,1322
BTEC,3302
BTEC,3301
BTEC,4300
BUSI,2305
BUSI,2305
BUSI,3300
BUSI,4350
BUSI,4350
BUSI,4335
BUSI,2305
BUSI,1301
BUSI,4396
BUSI,3302
BUSI,2305
BUSI,1301
BUSI,1301
BUSI,1301
BUSI,3302
BUSI,4350
BUSI,4335
BUSI,4335
BUSI,4335
BUSI,1301
BUSI,4350
BUSI,4350
BUSI,3300
BUSI,4350
BUSI,3300
BUSI,2305
BUSI,4396
BUSI,4320
BUSI,3302
BUSI,1301
BUSI,4305
BUSI,4335
BUSI,3300
BZAN,7320
BZAN,6351
BZAN,7397
BZAN,6310
BZAN,6354
BZAN,6353
BZAN,7320
BZAN,6310
BZAN,7397
BZAN,6356
BZAN,4397
BZAN,6310
BZAN,7397
BZAN,6351
BZAN,7320
BZAN,6310
BZAN,7397
BZAN,7397
BZAN,6355
BZAN,7397
BZAN,7320
BZAN,6352
BZAN,6353
BZAN,6354
CHEE,8399
CHEE,8398
CHEE,3321
CHEE,6379
CHEE,8598
CHEE,3369
CHEE,8598
CHEE,3321
CHEE,4361
CHEE,8298
CHEE,8398
CHEE,6327
CHEE,6337
CHEE,8298
CHEE,8399
CHEE,2332
CHEE,8298
CHEE,5379
CHEE,8399
CHEE,8399
CHEE,8398
CHEE,8598
CHEE,8399
CHEE,8398
CHEE,8498
CHEE,3334
CHEE,8399
CHEE,6379
CHEE,2331
CHEE,8399
CHEE,6327
CHEE,4398
CHEE,8399
CHEE,2332
CHEE,3321
CHEE,8398
CHEE,6367
CHEE,8399
CHEE,8598
CHEE,3333
CHEE,8598
CHEE,8598
CHEE,6111
CHEE,8399
CHEE,8298
CHEE,8498
CHEE,8699
CHEE,6367
CHEE,8298
CHEE,8399
CHEE,8398
CHEE,3466
CHEE,8398
CHEE,4366
CHEE,8298
CHEE,8398
CHEE,8398
CHEE,8398
CHEE,8298
CHEE,8398
CHEE,8399
CHEE,5367
CHEE,8598
CHEE,3363
CHEE,8298
CHEE,8399
CHEE,8399
CHEE,8598
CHEE,8298
CHEE,8398
CHEE,3300
CHEE,8498
CHEE,3462
CHEE,8398
CHEE,3369
CHEE,6398
CHEE,5323
CHEE,8298
CHEE,8398
CHEE,8399
CHEE,4322
CHEE,6397
CHEE,8598
CHEE,8498
CHEE,8598
CHEE,8598
CHEE,4398
CHEE,4322
CHEE,8298
CHEE,8298
CHEE,8598
CHEE,6360
CHEE,8298
CHEE,7399
CHEE,8598
CHEE,8298
CHEE,8498
CHEE,8399
CHEE,8298
CHEE,8298
CHEE,3333
CHEE,4398
CHEE,8598
CHEE,8298
CHEE,8598
CHEE,8398
CHEE,3367
CHEE,8399
CHEM,6698
CHEM,1312
CHEM,1112
CHEM,1112
CHEM,6698
CHEM,1111
CHEM,6698
CHEM,6398
CHEM,2123
CHEM,2125
CHEM,6112
CHEM,2125
CHEM,1111
CHEM,1112
CHEM,1111
CHEM,8998
CHEM,1105
CHEM,6112
CHEM,6698
CHEM,2125
CHEM,1111
CHEM,1112
CHEM,8998
CHEM,1111
CHEM,2125
CHEM,2123
CHEM,4340
CHEM,2132
CHEM,6198
CHEM,6115
CHEM,6115
CHEM,6398
CHEM,1111
CHEM,8399
CHEM,2325
CHEM,8999
CHEM,4229
CHEM,2132
CHEM,2125
CHEM,1112
CHEM,2123
CHEM,8998
CHEM,6498
CHEM,3369
CHEM,1112
CHEM,8998
CHEM,6198
CHEM,2125
CHEM,1112
CHEM,1112
CHEM,1111
CHEM,1111
CHEM,1112
CHEM,1112
CHEM,4370
CHEM,1111
CHEM,6112
CHEM,7399
CHEM,1111
CHEM,3333
CHEM,4373
CHEM,6998
CHEM,1112
CHEM,6398
CHEM,2325
CHEM,2123
CHEM,1112
CHEM,8999
CHEM,1112
CHEM,1112
CHEM,1111
CHEM,1111
CHEM,2123
CHEM,1112
CHEM,8998
CHEM,6111
CHEM,1111
CHEM,8998
CHEM,1112
CHEM,2131
CHEM,6198
CHEM,2125
CHEM,6698
CHEM,8999
CHEM,1111
CHEM,2123
CHEM,1111
CHEM,1112
CHEM,1111
CHEM,3119
CHEM,1111
CHEM,8998
CHEM,1105
CHEM,2123
CHEM,1112
CHEM,2123
CHEM,8999
CHEM,6375
CHEM,1112
CHEM,1111
CHEM,1112
CHEM,2125
CHEM,1112
CHEM,1111
CHEM,8999
CHEM,1112
CHEM,6398
CHEM,8399
CHEM,2323
CHEM,1111
CHEM,4330
CHEM,6332
CHEM,6314
CHEM,2323
CHEM,8999
CHEM,6698
CHEM,8998
CHEM,1111
CHEM,1312
CHEM,8998
CHEM,6698
CHEM,1311
CHEM,1112
CHEM,4396
CHEM,1111
CHEM,1311
CHEM,1112
CHEM,8998
CHEM,2123
CHEM,8999
CHEM,6198
CHEM,1112
CHEM,1111
CHEM,1112
CHEM,2125
CHEM,8399
CHEM,1111
CHEM,1112
CHEM,4270
CHEM,1112
CHEM,2125
CHEM,1312
CHEM,2123
CHEM,1112
CHEM,1111
CHEM,2125
CHEM,1112
CHEM,1112
CHEM,1112
CHEM,1111
CHEM,2123
CHEM,1111
CHEM,2123
CHEM,1112
CHEM,4270
CHEM,1111
CHEM,8999
CHEM,6698
CHEM,2325
CHEM,2125
CHEM,8998
CHEM,1111
CHEM,2123
CHEM,2125
CHEM,8999
CHEM,1112
CHEM,4272
CHEM,6698
CHEM,2123
CHEM,8998
CHEM,8998
CHEM,1112
CHEM,1112
CHEM,6998
CHEM,1112
CHEM,6376
CHEM,6398
CHEM,1111
CHEM,4270
CHEM,2125
CHEM,6998
CHEM,1305
CHEM,2123
CHEM,1312
CHEM,4336
CHEM,1112
CHEM,8998
CHEM,6394
CHEM,1111
CHEM,1112
CHEM,6698
CHEM,8999
CHEM,6698
CHEM,2123
CHEM,1112
CHEM,8998
CHEM,1305
CHEM,1111
CHEM,1112
CHEM,6330
CHEM,7325
CHEM,1112
CHEM,1112
CHEM,2123
CHEM,6115
CHEM,1105
CHEM,1111
CHEM,2123
CHEM,1112
CHEM,1112
CHEM,1112
CHEM,6399
CHEM,1311
CHEM,1112
CHEM,1111
CHEM,1311
CHEM,3133
CHEM,3119
CHEM,8999
CHEM,1112
CHEM,8399
CHEM,1305
CHEM,6998
CHEM,8999
CHEM,2325
CHEM,2125
CHEM,2125
CHEM,8998
CHEM,1312
CHEM,1105
CHEM,6998
CHEM,6322
CHIN,3343
CHIN,6302
CHIN,1502
CHIN,3360
CHIN,2312
CHIN,6364
CHIN,3302
CHIN,1502
CHIN,3360
CHIN,3350
CHIN,6383
CHIN,3354
CHIN,1502
CHIN,3304
CHIN,4302
CIS,4375
CIS,4375
CIS,3351
CIS,2334
CIS,3355
CIS,3347
CIS,2336
CIS,6326
CIS,3368
CIS,4375
CIS,6399
CIS,2336
CIS,3368
CIS,3347
CIS,2336
CIS,4375
CIS,2348
CIS,4339
CIS,6396
CIS,2348
CIS,3365
CIS,3343
CIS,2348
CIS,3355
CIS,3343
CIS,3365
CIS,3320
CIS,6357
CIS,3367
CIS,4339
CIS,3365
CIS,4338
CIS,6357
CIS,3343
CIS,4338
CIS,3343
CIS,2337
CIS,3347
CIS,3368
CIS,2332
CIS,6324
CIS,6322
CIS,6397
CIS,3355
CIS,4338
CIS,2334
CIS,3320
CIS,3365
CIVE,8498
CIVE,6398
CIVE,6388
CIVE,8398
CIVE,6399
CIVE,8198
CIVE,6391
CIVE,2332
CIVE,8398
CIVE,7399
CIVE,8298
CIVE,3331
CIVE,6358
CIVE,8298
CIVE,5397
CIVE,8598
CIVE,5397
CIVE,4312
CIVE,8398
CIVE,5388
CIVE,6391
CIVE,8298
CIVE,8598
CIVE,7397
CIVE,7397
CIVE,6398
CIVE,6298
CIVE,2332
CIVE,6398
CIVE,6361
CIVE,8498
CIVE,6399
CIVE,7397
CIVE,8598
CIVE,8399
CIVE,6373
CIVE,8398
CIVE,7397
CIVE,8398
CIVE,8498
CIVE,3339
CIVE,8399
CIVE,3434
CIVE,6375
CIVE,8398
CIVE,8598
CIVE,8198
CIVE,4369
CIVE,8198
CIVE,8398
CIVE,3337
CIVE,8498
CIVE,6322
CIVE,6361
CIVE,8598
CIVE,8398
CIVE,4381
CIVE,8398
CIVE,6375
CIVE,4337
CIVE,8398
CIVE,6399
CIVE,7397
CIVE,8298
CIVE,8498
CIVE,8298
CIVE,6350
CIVE,8999
CIVE,8298
CIVE,4311
CIVE,8498
CIVE,6393
CIVE,6393
CIVE,8198
CIVE,6111
CIVE,8498
CIVE,4363
CIVE,8298
CIVE,8399
CIVE,6388
CIVE,8398
CIVE,6358
CIVE,6350
CIVE,8399
CIVE,6338
CIVE,8598
CIVE,8298
CIVE,8699
CIVE,7397
CIVE,3332
CIVE,8198
CIVE,6338
CIVE,6111
CIVE,6398
CIVE,8398
CIVE,7397
CIVE,8598
CLAS,4305
CLAS,4353
CLAS,3345
CLAS,3308
CLAS,3374
CLAS,3307
CLAS,3381
CLAS,3308
CNST,4220
CNST,4331
CNST,3365
CNST,1315
CNST,4302
CNST,6380
CNST,4341
CNST,2351
CNST,3301
CNST,4381
CNST,4397
CNST,3372
CNST,3331
CNST,3265
CNST,3205
CNST,1330
CNST,4302
CNST,2321
CNST,3355
CNST,6360
CNST,6330
CNST,6399
CNST,6320
CNST,6397
CNST,2325
CNST,6399
CNST,2341
CNST,3331
CNST,3205
CNST,3351
CNST,6390
CNST,3210
CNST,4311
CNST,3185
CNST,3265
CNST,1330
CNST,6320
CNST,1361
CNST,6396
CNST,2351
CNST,6307
CNST,6380
CNST,1301
CNST,6308
CNST,6330
CNST,3265
CNST,6360
CNST,3351
CNST,6397
CNST,4315
CNST,3185
CNST,6396
CNST,2345
CNST,4331
CNST,6399
CNST,4335
CNST,4345
CNST,4385
CNST,6399
CNST,3155
COMD,4382
COMD,7391
COMD,7391
COMD,2338
COMD,4333
COMD,4489
COMD,7221
COMD,7391
COMD,2339
COMD,3385
COMD,7391
COMD,7270
COMD,7392
COMD,7392
COMD,6399
COMD,3396
COMD,7391
COMD,7391
COMD,7391
COMD,7392
COMD,7391
COMD,6230
COMD,7391
COMD,3383
COMD,4489
COMD,7392
COMD,4198
COMD,5241
COMD,6326
COMD,1333
COMD,2338
COMD,6321
COMD,4382
COMD,3371
COMD,3383
COMD,2339
COMD,7391
COMD,3301
COMD,3383
COMD,7399
COMD,7391
COMD,8398
COMD,5442
COMD,8392
COMD,2338
COMD,3371
COMD,4333
COMD,6240
COMD,7692
COMM,3382
COMM,3374
COMM,4382
COMM,4397
COMM,3349
COMM,4388
COMM,1303
COMM,4377
COMM,4397
COMM,3304
COMM,3360
COMM,4398
COMM,7399
COMM,3311
COMM,2311
COMM,6390
COMM,4371
COMM,3369
COMM,1307
COMM,3369
COMM,3318
COMM,3383
COMM,6399
COMM,1307
COMM,3383
COMM,4361
COMM,3360
COMM,3377
COMM,4374
COMM,3361
COMM,3360
COMM,2327
COMM,6395
COMM,1307
COMM,3376
COMM,3321
COMM,4380
COMM,4303
COMM,6300
COMM,4378
COMM,2326
COMM,7397
COMM,4398
COMM,3380
COMM,3377
COMM,2328
COMM,4360
COMM,1307
COMM,3324
COMM,1303
COMM,7397
COMM,3326
COMM,2320
COMM,6395
COMM,4398
COMM,4381
COMM,3374
COMM,3360
COMM,3372
COMM,3326
COMM,4303
COMM,2311
COMM,3315
COMM,7399
COMM,6395
COMM,4398
COMM,3314
COMM,2331
COMM,3311
COMM,4383
COMM,4354
COMM,3316
COMM,4303
COMM,4370
COMM,1307
COMM,4366
COMM,6398
COMM,2327
COMM,4303
COMM,6398
COMM,2356
COMM,3361
COMM,3332
COMM,2322
COMM,4365
COMM,2311
COMM,4365
COMM,4363
COMM,2311
COMM,6395
COMM,6317
COMM,4398
COMM,3328
COMM,3319
COMM,4367
COMM,6390
COMM,1302
COMM,3317
COMM,3353
COMM,3368
COMM,6339
COMM,3369
COMM,4398
COMM,4360
COMM,3368
COMM,3315
COMM,4398
COMM,4363
COMM,4303
COMM,4378
COMM,4316
COMM,7397
COMM,6395
COMM,4331
COMM,4392
COMM,1303
COMM,3311
COMM,3353
COMM,3370
COMM,3367
COMM,6390
COMM,1302
COMM,2311
COMM,1303
COMM,4390
COMM,4355
COMM,3320
COMM,4397
COMM,4384
COMM,1303
COMM,6395
COMM,3399
COMM,3301
COMM,3317
COMM,7399
COMM,1303
COMM,1307
COMM,4357
COMM,4398
COMM,3318
COMM,4368
COMM,3340
COMM,3316
COMM,2300
COMM,6371
COSC,4399
COSC,3360
COSC,8998
COSC,8398
COSC,6308
COSC,6386
COSC,1437
COSC,8699
COSC,4370
COSC,3371
COSC,2425
COSC,8699
COSC,2425
COSC,8398
COSC,8998
COSC,6306
COSC,6323
COSC,8998
COSC,6348
COSC,8399
COSC,6384
COSC,8398
COSC,8699
COSC,4398
COSC,6309
COSC,6374
COSC,7399
COSC,8698
COSC,2425
COSC,6310
COSC,8698
COSC,8698
COSC,4354
COSC,8698
COSC,7336
COSC,8398
COSC,8398
COSC,4348
COSC,4397
COSC,1437
COSC,3396
COSC,8998
COSC,8298
COSC,6353
COSC,8398
COSC,8399
COSC,8698
COSC,8698
COSC,3320
COSC,4353
COSC,7399
COSC,6385
COSC,6377
COSC,4364
COSC,6364
COSC,6372
COSC,6373
COSC,6354
COSC,8998
COSC,4398
COSC,8998
COSC,4393
COSC,8398
COSC,2436
COSC,2436
COSC,1336
COSC,6397
COSC,8598
COSC,8698
COSC,6398
COSC,8298
COSC,8998
COSC,1437
COSC,8399
COSC,4397
COSC,8298
COSC,8398
COSC,8398
COSC,1336
COSC,6323
COSC,4331
COSC,6339
COSC,6380
COSC,8998
COSC,4298
COSC,3380
COSC,8399
COSC,8698
COSC,8698
COSC,8998
COSC,2425
COSC,4351
COSC,3380
COSC,8398
COSC,1336
COSC,8398
COSC,3360
COSC,7362
COSC,1336
COSC,8398
COSC,8399
COSC,6398
COSC,8698
COSC,4398
COSC,6398
COSC,8398
COSC,2306
COSC,8998
COSC,8399
COSC,7399
COSC,8398
COSC,4353
COSC,6110
COSC,8698
COSC,3340
COSC,8399
COSC,8998
COSC,4368
COSC,8698
COSC,6399
COSC,8998
COSC,8398
COSC,8998
COSC,8399
COSC,8998
COSC,3337
COSC,6399
COSC,4359
COSC,8998
COSC,6359
COSC,8399
COSC,1336
COSC,4399
COSC,4396
COSC,4353
COSC,2436
COSC,4337
CUIN,4332
CUIN,3312
CUIN,7304
CUIN,3350
CUIN,4350
CUIN,3317
CUIN,8390
CUIN,7398
CUIN,4315
CUIN,3302
CUIN,4361
CUIN,8390
CUIN,8398
CUIN,7314
CUIN,4350
CUIN,4326
CUIN,3317
CUIN,4337
CUIN,8318
CUIN,7392
CUIN,4315
CUIN,4375
CUIN,8378
CUIN,8690
CUIN,2300
CUIN,8310
CUIN,3302
CUIN,3347
CUIN,8398
CUIN,7360
CUIN,3302
CUIN,8393
CUIN,4375
CUIN,7390
CUIN,8398
CUIN,3111
CUIN,2300
CUIN,3316
CUIN,6340
CUIN,3350
CUIN,3333
CUIN,8310
CUIN,3311
CUIN,3316
CUIN,3111
CUIN,3321
CUIN,7316
CUIN,4315
CUIN,3347
CUIN,4303
CUIN,1350
CUIN,8398
CUIN,3317
CUIN,8366
CUIN,6383
CUIN,4315
CUIN,4361
CUIN,4375
CUIN,7304
CUIN,4332
CUIN,7322
CUIN,4332
CUIN,8999
CUIN,4351
CUIN,8398
CUIN,4332
CUIN,4315
CUIN,3351
CUIN,7361
CUIN,3310
CUIN,3111
CUIN,3316
CUIN,8369
CUIN,6360
CUIN,8381
CUIN,6375
CUIN,4361
CUIN,3350
CUIN,8352
CUIN,4375
CUIN,8398
CUIN,7337
CUIN,7325
CUIN,8399
CUIN,4332
CUIN,4332
CUIN,8365
CUIN,4304
CUIN,8399
CUIN,1350
CUIN,2300
CUIN,7390
CUIN,3347
CUIN,8372
CUIN,8699
CUIN,7312
CUIN,4332
CUIN,7397
CUIN,3346
CUIN,8398
CUIN,8699
CUIN,4349
CUIN,7369
CUIN,8381
CUIN,8699
CUIN,8398
CUIN,1103
CUIN,3317
CUIN,4375
CUIN,8398
CUIN,3312
CUIN,4349
CUIN,7304
CUIN,8699
CUIN,7397
CUIN,4332
CUIN,7340
CUIN,7300
CUIN,8398
CUIN,3302
CUIN,8690
CUIN,8370
CUIN,4361
CUIN,3316
CUIN,7308
CUIN,6317
CUIN,3111
CUIN,8398
CUIN,8699
CUIN,8399
CUIN,2300
CUIN,7390
CUIN,8398
CUIN,7397
CUIN,8699
CUIN,3351
CUIN,7397
CUIN,4361
CUIN,7367
CUIN,6301
CUIN,8393
CUIN,4375
CUIN,8690
CUIN,8397
CUST,8378
DANC,1202
DANC,1103
DANC,1246
DANC,3306
DANC,2309
DANC,3302
DANC,4302
DANC,2303
DANC,2306
DANC,4110
DANC,2323
DANC,3311
DANC,2303
DANC,3203
DANC,4331
DANC,1301
DANC,4302
DANC,3314
DANC,2202
DANC,4308
DIGM,1350
DIGM,4378
DIGM,3374
DIGM,3355
DIGM,3353
DIGM,1376
DIGM,1350
DIGM,3350
DIGM,3152
DIGM,4379
DIGM,4399
DIGM,4398
DIGM,3152
DIGM,3152
DIGM,3353
DIGM,4396
DIGM,3370
DIGM,3356
DIGM,4378
DIGM,3252
DIGM,4382
DIGM,4397
DIGM,2325
DIGM,1350
DIGM,4399
DIGM,1350
DIGM,3353
DIGM,3152
DIGM,4375
DIGM,2352
DIGM,1300
DRAM,1310
DRAM,1310
DRAM,1310
DRAM,1310
DRAM,1310
DRAM,2331
DRAM,1310
DRAM,1341
DRAM,1310
DRAM,1310
DRAM,1310
DRAM,1310
DRAM,1310
DRAM,1310
DRAM,1352
DRAM,1310
DRAM,1330
DRAM,1310
DRAM,1310
DRAM,1352
ECE,8699
ECE,1197
ECE,8498
ECE,5397
ECE,8598
ECE,8399
ECE,8298
ECE,6397
ECE,8198
ECE,8498
ECE,3436
ECE,2100
ECE,8399
ECE,2202
ECE,8398
ECE,8598
ECE,8399
ECE,6398
ECE,4115
ECE,8398
ECE,8198
ECE,3364
ECE,8598
ECE,6308
ECE,8298
ECE,7399
ECE,8498
ECE,6397
ECE,6398
ECE,8699
ECE,8298
ECE,8398
ECE,8198
ECE,3456
ECE,6327
ECE,6298
ECE,8298
ECE,2202
ECE,6357
ECE,3331
ECE,8498
ECE,8198
ECE,6370
ECE,8398
ECE,8298
ECE,8398
ECE,6335
ECE,8598
ECE,6318
ECE,6397
ECE,8399
ECE,5380
ECE,2100
ECE,8198
ECE,8399
ECE,8498
ECE,6012
ECE,5397
ECE,8398
ECE,8399
ECE,8699
ECE,6384
ECE,6398
ECE,8498
ECE,6112
ECE,8399
ECE,6364
ECE,6399
ECE,8398
ECE,6398
ECE,5180
ECE,3436
ECE,3337
ECE,8399
ECE,4336
ECE,8398
ECE,3441
ECE,6341
ECE,2201
ECE,8699
ECE,8298
ECE,8598
ECE,6353
ECE,8399
ECE,6327
ECE,8498
ECE,8699
ECE,5357
ECE,8398
ECE,5436
ECE,8398
ECE,8399
ECE,8198
ECE,8399
ECE,8598
ECE,6381
ECE,8498
ECE,2100
ECE,8399
ECE,8398
ECE,3337
ECE,6198
ECE,8399
ECE,8699
ECE,6398
ECE,8498
ECE,3155
ECE,6352
ECE,8298
ECE,8298
ECE,8398
ECE,5114
ECE,8298
ECE,8598
ECE,8699
ECE,8398
ECE,8398
ECE,8699
ECE,6466
ECE,8498
ECE,8298
ECE,6398
ECE,6398
ECE,8498
ECE,6399
ECE,4363
ECE,2201
ECE,6307
ECE,3441
ECE,3331
ECE,6111
ECE,8398
ECE,8398
ECE,6012
ECE,3355
ECE,6329
ECE,3337
ECE,6398
ECE,6381
ECE,8398
ECE,2202
ECE,6399
ECE,8198
ECE,8498
ECE,8398
ECE,4335
ECE,8598
ECE,8298
ECE,8399
ECE,6198
ECE,6397
ECE,8699
ECE,3441
ECE,6399
ECE,6398
ECE,8298
ECE,8398
ECE,5318
ECE,6392
ECE,6399
ECE,8398
ECE,8298
ECE,7373
ECE,5367
ECE,8699
ECE,6398
ECE,8598
ECE,8699
ECE,8198
ECE,8498
ECE,6112
ECE,6336
ECE,6398
ECE,8598
ECE,8399
ECE,8598
ECE,8198
ECE,8399
ECE,6399
ECE,8399
ECE,3317
ECE,3318
ECE,8398
ECE,8598
ECE,5440
ECE,3340
ECE,8198
ECE,3366
ECE,2202
ECE,8198
ECE,8598
ECE,6111
ECE,6343
ECE,8298
ECE,3355
ECE,8399
ECE,8598
ECE,4113
ECE,8198
ECE,8598
ECE,8498
ECE,8699
ECE,6398
ECE,8298
ECE,8398
ECE,8598
ECE,8598
ECE,8699
ECE,8399
ECE,4375
ECE,8398
ECE,8999
ECE,6298
ECE,7399
ECE,3331
ECE,5397
ECE,8198
ECE,8198
ECE,8598
ECE,8498
ECE,6323
ECE,2100
ECE,5320
ECE,8598
ECE,8399
ECE,6348
ECE,8399
ECE,6398
ECE,8598
ECE,7399
ECON,2302
ECON,8362
ECON,3347
ECON,3334
ECON,8399
ECON,8399
ECON,2302
ECON,4389
ECON,3320
ECON,7342
ECON,3350
ECON,2301
ECON,7301
ECON,3332
ECON,4389
ECON,3344
ECON,7344
ECON,2302
ECON,4376
ECON,3320
ECON,7390
ECON,6351
ECON,7395
ECON,2302
ECON,2301
ECON,7302
ECON,3370
ECON,3332
ECON,8399
ECON,8365
ECON,6340
ECON,3399
ECON,4363
ECON,8399
ECON,3334
ECON,8365
ECON,7331
ECON,7366
ECON,7390
ECON,8399
ECON,3334
ECON,8361
ECON,4399
ECON,4395
ECON,7385
ECON,3320
ECON,4331
ECON,7335
ECON,8363
ECON,3385
ECON,3377
ECON,7390
ECON,2301
ECON,3332
ECON,3362
ECON,3370
ECON,4349
ECON,3370
ECON,8399
ECON,4399
ECON,3371
ECON,7344
ECON,4395
ECON,8399
ECON,6345
ECON,8399
ECON,3351
ECON,7390
ECON,4390
ECON,2302
ECON,7390
ECON,2302
ECON,6352
ECON,3320
ECON,3332
ECON,3334
EDRS,8380
EDRS,8381
EDRS,8381
EDUC,4315
EDUC,4324
EDUC,2301
EDUC,4323
EDUC,4315
EDUC,2301
EDUC,4512
EDUC,4325
EDUC,1301
EDUC,4317
EDUC,4314
EDUC,4511
EDUC,1301
EDUC,4314
EDUC,4318
EDUC,2301
EDUC,2301
EDUC,4322
EDUC,4316
EDUC,4319
EDUC,3101
EGRP,1140
EGRP,1182
EGRP,1142
EGRP,1180
EGRP,1170
EGRP,1151
EGRP,1141
EGRP,1165
EGRP,1150
ELCS,8395
ELCS,8398
ELCS,6342
ELCS,8191
ELCS,8331
ELCS,8312
ELCS,8311
ELCS,6370
ELCS,8395
ELCS,8695
ELCS,7399
ELCS,6320
ELCS,8399
ELCS,7392
ELCS,8398
ELCS,6380
ELCS,8398
ELCS,8695
ELCS,8330
ELCS,8399
ELCS,8313
ELCS,6310
ELCS,8398
ELCS,8312
ELCS,6304
ELCS,6393
ELCS,8695
ELCS,8312
ELCS,6310
ELCS,6393
ELCS,8398
ELCS,8345
ELCS,8361
ELCS,6304
ELCS,8311
ELCS,8312
ELCS,8699
ELCS,8395
ELCS,8395
ELCS,8399
ELCS,8699
ELCS,8311
ELCS,8311
ELCS,8355
ELCS,8395
ELCS,8695
ELCS,8310
ELCS,8198
ELCS,6310
ELCS,8395
ELCS,7330
ELCS,8395
ELCS,8699
ELCS,8311
ELCS,8695
ELCS,8695
ELCS,8312
ELCS,6304
ELCS,6350
ELCS,8311
ELCS,6370
ELCS,6370
ELCS,8695
ELCS,8699
ELCS,6320
ELCS,6334
ELCS,8313
ELED,3322
ELED,4320
ELED,4311
ELED,4314
ELED,3320
ELED,4315
ELED,4310
ELED,4314
ELED,3322
ELED,4320
ELED,4315
ELED,3320
ELED,4314
ELED,3322
ELED,4314
ELED,4310
ELED,3320
ELED,4311
ELED,4311
ELED,7324
ELED,4315
ELED,4320
ELED,6335
ELED,4315
ELED,3322
ELED,4310
ELED,4310
ELED,3320
ELED,6305
ELED,4315
ELED,4311
ELET,4331
ELET,4303
ELET,4319
ELET,4304
ELET,1400
ELET,4351
ELET,6351
ELET,3425
ELET,4302
ELET,4308
ELET,1400
ELET,4421
ELET,4305
ELET,4103
ELET,2303
ELET,4208
ELET,4105
ELET,3312
ELET,4103
ELET,2300
ELET,2105
ELET,2103
ELET,2307
ELET,3403
ELET,4354
ELET,6331
ELET,2300
ELET,3402
ELET,6354
ELET,3112
ELET,4326
ELET,2300
ELET,4327
ELET,6358
ELET,6302
ELET,1401
ELET,2105
ELET,6396
ELET,2103
ELET,2305
ELET,4126
ELET,4345
ELET,3301
ELET,3405
ELET,6308
ELET,3112
ELET,4325
ELET,4397
ENGI,1331
ENGI,4198
ENGI,2304
ENGI,8111
ENGI,2304
ENGI,1331
ENGI,2304
ENGI,1331
ENGI,2304
ENGI,2304
ENGI,1331
ENGI,2304
ENGI,4398
ENGI,4198
ENGI,1331
ENGI,2304
ENGI,4198
ENGI,1331
ENGI,1100
ENGI,2304
ENGI,1331
ENGI,1100
ENGI,1100
ENGI,1331
ENGI,1331
ENGI,2304
ENGI,1100
ENGI,2304
ENGI,1331
ENGI,1331
ENGI,1100
ENGI,1100
ENGI,2304
ENGI,2304
ENGI,4198
ENGI,1331
ENGL,2361
ENGL,4322
ENGL,2305
ENGL,2361
ENGL,4396
ENGL,8399
ENGL,1302
ENGL,1302
ENGL,1302
ENGL,2305
ENGL,7699
ENGL,3354
ENGL,2330
ENGL,8398
ENGL,2330
ENGL,1302
ENGL,1302
ENGL,7699
ENGL,1302
ENGL,2318
ENGL,1302
ENGL,7699
ENGL,1301
ENGL,1302
ENGL,2361
ENGL,8699
ENGL,8699
ENGL,4342
ENGL,8699
ENGL,1302
ENGL,2316
ENGL,2361
ENGL,8342
ENGL,1302
ENGL,2315
ENGL,2361
ENGL,2361
ENGL,2361
ENGL,3365
ENGL,8699
ENGL,1302
ENGL,1302
ENGL,7398
ENGL,1301
ENGL,4387
ENGL,1301
ENGL,3301
ENGL,6398
ENGL,3351
ENGL,7399
ENGL,6323
ENGL,1302
ENGL,2361
ENGL,8398
ENGL,1302
ENGL,8398
ENGL,1302
ENGL,1302
ENGL,3352
ENGL,1301
ENGL,1301
ENGL,2361
ENGL,1302
ENGL,3317
ENGL,7323
ENGL,7399
ENGL,6320
ENGL,8399
ENGL,8699
ENGL,8399
ENGL,4382
ENGL,4390
ENGL,7699
ENGL,8698
ENGL,1301
ENGL,1302
ENGL,1302
ENGL,1302
ENGL,1302
ENGL,8388
ENGL,1302
ENGL,1302
ENGL,1302
ENGL,8399
ENGL,8699
ENGL,1301
ENGL,1302
ENGL,1301
ENGL,3349
ENGL,3396
ENGL,2361
ENGL,8698
ENGL,1301
ENGL,1302
ENGL,1302
ENGL,1302
ENGL,2361
ENGL,3315
ENGL,1302
ENGL,1302
ENGL,1301
ENGL,1302
ENGL,1302
ENGL,3399
ENGL,8399
ENGL,1302
ENGL,3341
ENGL,1302
ENGL,8699
ENGL,8399
ENGL,2315
ENGL,1302
ENGL,4371
ENGL,4386
ENGL,4300
ENGL,3312
ENGL,8354
ENGL,2361
ENGL,1302
ENGL,3330
ENGL,1302
ENGL,2316
ENGL,8399
ENGL,6398
ENGL,2305
ENGL,2307
ENGL,2361
ENGL,8398
ENGL,8699
ENGL,7398
ENGL,1302
ENGL,2361
ENGL,8398
ENGL,8698
ENGL,7398
ENGL,2361
ENGL,4399
ENGL,7699
ENGL,1302
ENGL,2361
ENGL,1302
ENGL,2361
ENGL,4396
ENGL,8398
ENGL,3396
ENGL,1302
ENGL,7399
ENGL,1302
ENGL,8698
ENGL,4392
ENGL,8399
ENGL,1302
ENGL,8399
ENGL,2318
ENGL,1302
ENGL,1302
ENGL,2361
ENGL,7396
ENGL,1302
ENGL,1302
ENGL,1302
ENGL,7372
ENGL,1302
ENGL,7399
ENGL,8399
ENGL,1302
ENGL,7396
ENGL,1302
ENGL,8399
ENGL,8698
ENGL,1302
ENGL,2361
ENGL,1302
ENGL,7396
ENGL,1301
ENGL,2361
ENGL,2361
ENGL,3322
ENGL,3351
ENGL,1301
ENGL,1301
ENGL,8698
ENGL,7699
ENGL,1302
ENGL,4378
ENGL,2361
ENGL,8698
ENGL,6398
ENGL,1301
ENGL,3340
ENGL,2306
ENGL,8398
ENGL,2307
ENGL,1302
ENGL,1302
ENGL,2361
ENGL,6698
ENGL,8398
ENGL,2361
ENGL,4383
ENGL,6398
ENGL,8398
ENGL,4311
ENGL,1302
ENGL,1301
ENGL,3301
ENGL,1302
ENGL,7398
ENGL,3330
ENGL,6398
ENGL,2361
ENGL,6398
ENGL,1302
ENGL,4394
ENGL,1302
ENGL,8698
ENGL,7396
ENGL,8399
ENGL,1302
ENGL,6698
ENGL,4304
ENGL,1302
ENGL,1302
ENGL,1302
ENGL,1302
ENGL,3369
ENGL,1302
ENGL,1302
ENGL,3330
ENGL,7345
ENGL,1302
ENGL,1302
ENGL,7398
ENGL,2361
ENGL,1302
ENGL,1302
ENGL,8698
ENGL,7324
ENGL,1302
ENGL,1302
ENGL,1302
ENGL,1302
ENGL,2361
ENGL,7398
ENGL,2361
ENGL,2305
ENGL,2330
ENGL,3330
ENGL,1302
ENGL,1301
ENGL,3304
ENGL,3350
ENGL,3328
ENGL,2361
ENGL,8386
ENGL,1301
ENGL,6321
ENGL,4341
ENGL,1302
ENGL,1302
ENGL,4332
ENGL,1302
ENGL,8399
ENGL,2305
ENGL,1302
ENGL,2330
ENGL,6398
ENGL,3301
ENGL,8699
ENGL,8385
ENGL,1301
ENGL,1301
ENGL,3327
ENGL,1302
ENGL,1302
ENGL,8393
ENGL,8398
ENGL,7699
ENGL,8399
ENGL,1302
ENGL,1302
ENGL,1302
ENGL,1302
ENGL,1302
ENGL,3340
ENGL,1301
ENGL,2361
ENGL,7396
ENGL,4319
ENGL,1302
ENGL,1301
ENGL,1302
ENGL,2306
ENGL,4366
ENGL,1301
ENGL,1301
ENGL,2361
ENGL,3358
ENGL,4385
ENGL,2305
ENGL,1302
ENGL,7322
ENGL,8399
ENGL,1301
ENGL,1301
ENGL,8699
ENGL,2361
ENGL,1302
ENGL,7399
ENGL,8399
ENGL,3318
ENGL,1301
ENGL,8698
ENGL,2361
ENGL,1302
ENGL,1302
ENGL,1301
ENGL,8398
ENGL,2361
ENGL,8398
ENGL,8399
ENGL,1301
ENGL,1301
ENGL,3331
ENGL,1301
ENGL,1302
ENGL,1302
ENGL,7380
ENGL,1301
ENGL,2361
ENGL,3331
ENGL,6398
ENGL,8398
ENGR,2301
ENGR,2301
ENRG,4397
ENRG,3311
ENRG,4398
ENRG,4320
ENRG,3310
ENTR,3311
ENTR,7339
ENTR,4393
ENTR,4320
ENTR,4397
ENTR,3310
ENTR,4110
ENTR,4380
ENTR,7335
ENTR,4360
ENTR,3310
ENTR,4330
ENTR,7337
ENTR,7342
ENTR,7393
ENTR,3310
ENTR,3312
ENTR,3312
ENTR,4110
ENTR,3312
ENTR,7390
ENTR,3312
ENTR,3310
ENTR,3312
ENTR,3342
ENTR,3312
ENTR,4398
ENTR,3310
ETIM,6310
FINA,4381
FINA,4396
FINA,4382
FINA,7373
FINA,7381
FINA,4352
FINA,4320
FINA,7397
FINA,4397
FINA,8699
FINA,4355
FINA,4397
FINA,4370
FINA,7397
FINA,7397
FINA,7397
FINA,8397
FINA,7323
FINA,8398
FINA,4336
FINA,8397
FINA,7383
FINA,7397
FINA,8396
FINA,4397
FINA,4354
FINA,7397
FINA,3332
FINA,"   6A35"
FINA,4325
FINA,4397
FINA,4328
FINA,7397
FINA,4330
FINA,8398
FINA,4380
FINA,"   7A10"
FINA,8396
FINA,6398
FINA,4320
FINA,8999
FINA,7360
FINA,4335
FINA,8397
FINA,4328
FINA,4342
FINA,7358
FINA,"   7A50"
FINA,7352
FINA,4358
FINA,7376
FINA,7329
FINA,4343
FINA,"   7A30"
FINA,8699
FINA,4320
FINA,6387
FINA,4341
FINA,4320
FINA,4357
FINA,4356
FINA,7397
FINA,4330
FINA,3332
FINA,4323
FINA,4335
FINA,4335
FINA,7397
FINA,4320
FINA,6387
FINA,4329
FINA,4330
FINA,8397
FINA,8398
FINA,4398
FINA,"   7A33"
FINA,4320
FINA,"   7A20"
FINA,4330
FINA,8398
FINA,4336
FINA,"   7A33"
FINA,3332
FINA,8396
FINA,3332
FINA,7397
FINA,4323
FINA,4397
FINA,4330
FINA,6387
FINA,4330
FINA,4359
FINA,4383
FINA,4310
FINA,4335
FINA,4373
FINA,4350
FINA,"   6A31"
FINA,4353
FINA,4335
FINA,3332
FORE,6351
FORE,6311
FORE,6319
FORE,6333
FORE,6359
FORE,6371
FORE,6396
FORE,6398
FREN,2312
FREN,1501
FREN,2311
FREN,3322
FREN,3313
FREN,3321
FREN,2312
FREN,4334
FREN,1502
FREN,6393
FREN,1501
FREN,1502
FREN,3312
FREN,1501
FREN,2311
FREN,2312
FREN,1502
GCEE,6330
GENB,6398
GENB,5305
GENB,7397
GENB,5303
GENB,7334
GENB,7305
GENB,7334
GENB,"   6A50"
GENB,7397
GENB,"   6A50"
GENB,7334
GENB,7397
GENB,7397
GENB,7334
GENB,5304
GENB,7334
GENB,7303
GENB,5303
GENB,7305
GENB,7303
GENB,7304
GEOL,4370
GEOL,1103
GEOL,7330
GEOL,1103
GEOL,6397
GEOL,4348
GEOL,8698
GEOL,8998
GEOL,1103
GEOL,1303
GEOL,8999
GEOL,3345
GEOL,6333
GEOL,8998
GEOL,1103
GEOL,4378
GEOL,8699
GEOL,6397
GEOL,6396
GEOL,8398
GEOL,8698
GEOL,8999
GEOL,7398
GEOL,8998
GEOL,7399
GEOL,8998
GEOL,8998
GEOL,6399
GEOL,1147
GEOL,3340
GEOL,8998
GEOL,8398
GEOL,3372
GEOL,8698
GEOL,8998
GEOL,8698
GEOL,1347
GEOL,8999
GEOL,6399
GEOL,4397
GEOL,8699
GEOL,4331
GEOL,7399
GEOL,6399
GEOL,3377
GEOL,1303
GEOL,8998
GEOL,8998
GEOL,1103
GEOL,7399
GEOL,8398
GEOL,1303
GEOL,3342
GEOL,6399
GEOL,8999
GEOL,8998
GEOL,1303
GEOL,6388
GEOL,1102
GEOL,8699
GEOL,8998
GEOL,4398
GEOL,8698
GEOL,6399
GEOL,1102
GEOL,8999
GEOL,1103
GEOL,3145
GEOL,1102
GEOL,8998
GEOL,8698
GEOL,1103
GEOL,7341
GEOL,1103
GEOL,6380
GEOL,1340
GEOL,1103
GEOL,6398
GEOL,8999
GEOL,1302
GEOL,7399
GEOL,7399
GEOL,7399
GEOL,8998
GEOL,8998
GEOL,8698
GEOL,7399
GEOL,1147
GEOL,4341
GEOL,8999
GEOL,8698
GEOL,1370
GEOL,1103
GEOL,8398
GEOL,8698
GEOL,6323
GEOL,7399
GEOL,1340
GEOL,1102
GEOL,6397
GEOL,7399
GEOL,6326
GEOL,1103
GEOL,8998
GEOL,6374
GEOL,8398
GEOL,8999
GEOL,3374
GEOL,4330
GEOL,6331
GEOL,8999
GEOL,8998
GEOL,6398
GEOL,6346
GEOL,6393
GEOL,6395
GEOL,6330
GEOL,1102
GEOL,8998
GEOL,3334
GEOL,8399
GEOL,8698
GEOL,8999
GEOL,6399
GEOL,6397
GEOL,4367
GEOL,8398
GEOL,8398
GEOL,7399
GEOL,4398
GEOL,8698
GEOL,1102
GEOL,8998
GEOL,1102
GEOL,7399
GEOL,7399
GEOL,1147
GEOL,8698
GEOL,1303
GEOL,8998
GEOL,1103
GEOL,8998
GEOL,6384
GEOL,1103
GEOL,1103
GEOL,7698
GEOL,6397
GEOL,8998
GEOL,8399
GEOL,7399
GEOL,1103
GEOL,6350
GEOL,6397
GEOL,7398
GEOL,8398
GEOL,8998
GEOL,8398
GEOL,1103
GEOL,6381
GEOL,8398
GERM,3381
GERM,1502
GERM,1502
GERM,4374
GERM,3398
GERM,2312
GERM,2312
GERM,1502
GERM,3350
GERM,3381
GOVT,2306
GOVT,2305
GOVT,2305
GOVT,2306
GOVT,2305
GOVT,2305
GOVT,2306
GOVT,2305
GOVT,2305
GOVT,2305
GOVT,2305
GOVT,2306
GOVT,2306
GOVT,2306
GOVT,2306
GOVT,2306
GOVT,2306
GOVT,2306
GOVT,2306
GOVT,2305
GOVT,2305
GOVT,2306
GOVT,2306
GOVT,2305
GOVT,2306
GOVT,2306
GOVT,2306
GOVT,2306
GOVT,2306
GOVT,2305
GREK,1302
GRET,6333
GRET,6335
GRET,6399
HDCS,3304
HDCS,3303
HDCS,1300
HDCS,4369
HDCS,1300
HDCS,6300
HDCS,1300
HDCS,3300
HDCS,4300
HDCS,4386
HDCS,1300
HDCS,1300
HDCS,2301
HDCS,3300
HDCS,4396
HDCS,4303
HDCS,1300
HDCS,3300
HDCS,4302
HDCS,1300
HDCS,4394
HDCS,4380
HDCS,2301
HDCS,3304
HDCS,3303
HDCS,3376
HDCS,4393
HDCS,4300
HDCS,1300
HDCS,4374
HDFS,3310
HDFS,1300
HDFS,4394
HDFS,3318
HDFS,2320
HDFS,2314
HDFS,4315
HDFS,4318
HDFS,4393
HDFS,1300
HDFS,1300
HDFS,3300
HDFS,3317
HDFS,2314
HDFS,4325
HDFS,4317
HDFS,1300
HDFS,1311
HDFS,3300
HDFS,4316
HDFS,3300
HDFS,2314
HDFS,4318
HDFS,3350
HDFS,3320
HDFS,3350
HDFS,4318
HDFS,3318
HDFS,4398
HDFS,1311
HDFS,2314
HDFS,3317
HDFS,4315
HDFS,3317
HDFS,4397
HISP,2374
HISP,2374
HIST,8377
HIST,3379
HIST,1378
HIST,2372
HIST,8999
HIST,3369
HIST,1377
HIST,3395
HIST,6395
HIST,1378
HIST,3328
HIST,3394
HIST,8999
HIST,8677
HIST,4301
HIST,6393
HIST,3323
HIST,8688
HIST,1378
HIST,6387
HIST,4336
HIST,8377
HIST,2321
HIST,3394
HIST,3394
HIST,1378
HIST,6398
HIST,8399
HIST,1377
HIST,3384
HIST,3394
HIST,1378
HIST,2322
HIST,3311
HIST,3389
HIST,2349
HIST,4338
HIST,6398
HIST,8377
HIST,2371
HIST,3379
HIST,1379
HIST,1378
HIST,8677
HIST,8688
HIST,4399
HIST,2328
HIST,3390
HIST,8388
HIST,4379
HIST,6398
HIST,3357
HIST,4399
HIST,4340
HIST,4366
HIST,6370
HIST,2311
HIST,8677
HIST,3398
HIST,3308
HIST,1377
HIST,1377
HIST,2327
HIST,4365
HIST,8999
HIST,8677
HIST,6380
HIST,1378
HIST,1378
HIST,8999
HIST,4399
HIST,3362
HIST,1377
HIST,8377
HIST,1377
HIST,6332
HIST,8388
HIST,4379
HIST,6380
HIST,3367
HIST,4398
HIST,4395
HIST,3370
HIST,3325
HIST,8999
HIST,6651
HIST,1378
HIST,1378
HIST,1378
HIST,8388
HIST,8399
HIST,3378
HIST,2303
HIST,8399
HIST,1377
HIST,8688
HIST,1378
HIST,1378
HIST,1376
HIST,4347
HIST,3352
HIST,3394
HIST,6398
HIST,8688
HLT,4303
HLT,3380
HLT,4307
HLT,2320
HLT,3381
HLT,4310
HLT,3301
HLT,3380
HLT,4392
HLT,4320
HLT,4302
HLT,4307
HLT,1353
HLT,4309
HLT,4317
HLT,3301
HLT,4307
HLT,3300
HLT,4320
HLT,3325
HLT,1353
HLT,4310
HLT,4307
HLT,3325
HLT,3301
HLT,4310
HLT,4310
HLT,3381
HLT,1353
HLT,4392
HLT,3301
HLT,2320
HLT,2320
HLT,4392
HLT,4307
HLT,3306
HLT,3381
HLT,3304
HON,2101
HON,4399
HON,2341
HON,3361
HON,2341
HON,2101
HON,2341
HON,4399
HON,2341
HON,4399
HON,4398
HON,2341
HON,2101
HON,2101
HON,2341
HON,4398
HON,2341
HON,2341
HON,2341
HON,2101
HON,4397
HON,4397
HON,4130
HON,4298
HON,4315
HON,2101
HON,4397
HON,4398
HON,3306
HON,4398
HON,2341
HON,2341
HON,4198
HON,2341
HON,3301
HON,2341
HON,2341
HON,3397
HON,2341
HON,3397
HON,2341
HON,3306
HON,2101
HON,2101
HON,2341
HON,2341
HON,3397
HON,4398
HON,2341
HON,3397
HON,4398
HON,4399
HON,4399
HON,2341
HON,3397
HON,2341
HON,2101
HON,2101
HON,4399
HON,2101
HON,2341
HON,3305
HON,2341
HON,2341
HON,3350
HON,4355
HON,2341
HON,4330
HON,4390
HON,3397
HON,4397
HON,3302
HON,3350
HON,3330
HON,2341
HON,2101
HON,3132
HON,2101
HON,2101
HON,3301
HON,3301
HON,3397
HON,4399
HON,2101
HON,2101
HON,3332
HON,4399
HON,4397
HON,2341
HON,3304
HON,2101
HON,3306
HON,2341
HON,4399
HON,2341
HON,4198
HON,4399
HON,4350
HON,2101
HON,2341
HON,2101
HON,3397
HON,2341
HON,4399
HON,2101
HON,2341
HON,2341
HON,4399
HON,4398
HON,2341
HON,2341
HON,3399
HRD,4352
HRD,4396
HRD,4344
HRD,3350
HRD,3310
HRD,6301
HRD,6304
HRD,6302
HRD,4344
HRD,4350
HRD,6359
HRD,3351
HRD,4396
HRD,3340
HRD,6352
HRD,3310
HRD,4350
HRD,3340
HRD,6302
HRD,3351
HRD,6303
HRD,6359
HRD,4352
HRD,3346
HRD,3346
HRD,3350
HRD,6396
HRMA,2350
HRMA,3352
HRMA,6342
HRMA,6197
HRMA,6290
HRMA,7369
HRMA,3372
HRMA,6398
HRMA,4343
HRMA,3384
HRMA,3445
HRMA,6348
HRMA,6380
HRMA,4326
HRMA,1320
HRMA,2340
HRMA,8304
HRMA,8999
HRMA,4372
HRMA,6368
HRMA,2315
HRMA,3348
HRMA,6364
HRMA,6397
HRMA,6290
HRMA,6290
HRMA,2356
HRMA,4462
HRMA,8999
HRMA,3361
HRMA,4398
HRMA,3345
HRMA,1367
HRMA,2160
HRMA,1301
HRMA,2340
HRMA,4355
HRMA,4343
HRMA,2160
HRMA,7334
HRMA,8999
HRMA,4397
HRMA,3358
HRMA,3335
HRMA,3341
HRMA,8188
HRMA,6190
HRMA,2343
HRMA,3353
HRMA,8999
HRMA,6345
HRMA,6340
HRMA,3358
HRMA,3327
HRMA,6372
HRMA,3364
HRMA,6599
HRMA,6197
HRMA,2365
HRMA,6290
HRMA,8305
HRMA,3160
HRMA,4352
HRMA,1320
HRMA,8999
HRMA,3420
HRMA,6360
HRMA,3358
HRMA,4388
HRMA,6351
HRMA,4343
HRMA,6386
HRMA,6352
HRMA,7353
HRMA,2343
HRMA,1367
HRMA,6290
HRMA,4360
HRMA,7353
HRMA,3440
HRMA,6101
HRMA,3364
HRMA,7366
HRMA,6343
HRMA,8399
HRMA,4370
HRMA,3341
HRMA,6330
HRMA,3420
HRMA,6290
HRMA,6326
HRMA,4361
HRMA,6365
HRMA,4397
HRMA,4361
HRMA,4388
HRMA,4132
HRMA,4353
HRMA,1345
HRMA,4397
HRMA,3336
HRMA,2356
HRMA,3352
HRMA,4352
HRMA,4353
HRMA,3440
HRMA,3197
HRMA,2350
HRMA,1337
HRMA,4350
HRMA,3336
HRMA,4350
HRMA,3361
HRMA,3346
HRMA,3349
HRMA,3349
HRMA,3348
HRMA,6364
IART,3395
IART,3395
IART,3300
IART,6395
IART,2300
IART,3395
IART,3395
IART,6395
IART,3395
IART,3395
IDNS,1102
IDNS,3132
IDNS,1132
IDNS,1141
IDNS,4397
IDNS,1131
IDNS,2133
IDNS,3121
IDNS,3131
IDNS,4397
IDNS,1141
IDNS,3131
IDNS,2197
IDNS,2297
IDNS,1142
IDNS,1142
IDNS,3131
IDNS,1142
IDNS,1142
IDNS,1111
IDNS,2297
IDNS,3132
IDNS,3131
IDNS,2297
IDNS,1112
IDNS,3132
IDNS,1132
IDNS,1142
IDNS,4397
IDNS,1132
IDNS,1130
IDNS,2197
IDNS,3132
IDNS,4397
IDNS,3132
IDNS,1131
IDNS,2297
IDNS,2197
IDNS,2197
IDNS,3132
IDNS,1101
IDNS,1142
IDNS,3132
IDNS,1132
IDNS,1131
IDNS,1111
IDNS,1101
IDNS,1141
IDNS,2197
IEEM,6330
IEEM,6335
ILAS,2350
ILAS,4350
ILAS,3398
ILAS,3350
ILAS,4350
INAR,2501
INAR,3310
INAR,4501
INAR,4360
INAR,3501
INDE,8398
INDE,3362
INDE,8398
INDE,2333
INDE,8498
INDE,6333
INDE,3333
INDE,7399
INDE,4364
INDE,6333
INDE,6332
INDE,2333
INDE,4334
INDE,7397
INDE,8398
INDE,6398
INDE,8298
INDE,8399
INDE,2333
INDE,4331
INDE,2331
INDE,8398
INDE,6363
INDE,4337
INDE,8598
INDE,8398
INDE,4111
INDE,8498
INDE,4315
INDE,6363
INDE,6372
INDE,6378
INDE,6333
INDE,8399
INDE,8498
INDE,8498
INDE,4369
INDE,8298
INDE,2333
INDE,6398
INDE,8699
INDE,8598
INDE,8398
INDE,6361
INDE,8498
INDE,4372
INDE,8298
INDE,7397
INDE,3381
INDE,3333
INDE,6399
INDE,6111
INDI,3372
INDS,7300
INDS,3501
INDS,6298
INDS,2355
INDS,3397
INDS,6397
INDS,2165
INDS,4361
INDS,3397
INDS,4501
INDS,4365
INDS,2501
INDS,2356
INDS,4180
INDS,6361
INDS,7300
INDS,7301
INDS,3501
INDS,3198
INDS,6197
INDS,6329
INDS,3398
INDS,1501
INDS,3370
INDS,1501
INDS,2160
INDS,4501
INDS,6355
INDS,2170
INDS,6397
INDS,3265
INDS,6345
INDS,2341
INTB,3355
INTB,3355
INTB,3355
INTB,3355
INTB,3361
INTB,3355
INTB,3355
IRW,1300
IRW,1300
IRW,1300
ITAL,2312
ITAL,1502
ITAL,1502
ITAL,3304
ITAL,1502
ITEC,1301
JAPN,2312
JWST,2380
KIN,1304
KIN,3304
KIN,1352
KIN,1304
KIN,4330
KIN,4315
KIN,4350
KIN,4340
KIN,1304
KIN,3305
KIN,4300
KIN,1352
KIN,3350
KIN,1352
KIN,4370
KIN,1304
KIN,3304
KIN,3301
KIN,1352
KIN,4370
KIN,3305
KIN,1304
KIN,1304
KIN,3306
KIN,1352
KIN,1304
KIN,3309
KIN,4690
KIN,3350
KIN,3350
KIN,4691
KIN,4190
KIN,1352
KIN,1352
KIN,1304
KIN,4365
KIN,4301
KIN,3301
KIN,1352
KIN,3303
KIN,4303
KIN,4360
KIN,4398
KIN,4355
KIN,3305
KIN,3360
KIN,4310
KIN,3350
KIN,1352
KIN,1304
KIN,1304
KIN,3305
KIN,1304
KIN,4315
KIN,3306
KIN,3305
KIN,3309
KIN,1304
KIN,3309
KIN,4315
KIN,3306
KIN,3305
KIN,3305
KIN,3350
KIN,4391
KIN,1352
KIN,4310
KIN,4390
KIN,3370
LACP,2111
LACP,2111
LAST,4398
LATI,1302
LATI,2312
LATI,1302
LAW,5420
LAW,5421
LAW,5254
LAW,6201
LAW,5227
LAW,6209
LAW,5227
LAW,5355
LAW,5197
LAW,5322
LAW,5123
LAW,6205
LAW,6207
LAW,5418
LAW,6318
LAW,5402
LAW,5381
LAW,5488
LAW,5312
LAW,5357
LAW,6354
LAW,6211
LAW,6500
LAW,6393
LAW,6207
LAW,6392
LAW,5382
LAW,5123
LAW,5104
LAW,6358
LAW,6218
LAW,5386
LAW,5359
LAW,6224
LAW,6207
LAW,5339
LAW,5408
LAW,6226
LAW,6240
LAW,5354
LAW,5361
LAW,5376
LAW,5322
LAW,5197
LAW,5199
LAW,5309
LAW,5386
LAW,5334
LAW,5386
LAW,5241
LAW,5386
LAW,5322
LAW,6347
LAW,5386
LAW,5339
LAW,5197
LAW,7341
LAW,5419
LAW,5245
LAW,5228
LAW,5409
LAW,5405
LAW,5222
LAW,5326
LAW,6369
LAW,5103
LAW,6234
LAW,5297
LAW,5303
LAW,5311
LAW,5297
LAW,5488
LAW,5414
LAW,5497
LAW,5602
LAW,6213
LAW,5254
LAW,6369
LAW,6207
LAW,6364
LAW,6369
LAW,6364
LAW,5408
LAW,5421
LAW,6207
LAW,5297
LAW,5400
LAW,6223
LAW,5254
LAW,5315
LAW,5322
LAW,5279
LAW,5299
LAW,6349
LAW,5397
LAW,5378
LAW,5200
LAW,5322
LAW,5381
LAW,5308
LAW,6241
LAW,5342
LAW,5197
LAW,5420
LAW,6324
LAW,5297
LAW,5271
LAW,5488
LAW,5245
LAW,6207
LAW,5297
LAW,5414
LAW,5197
LAW,6369
LAW,7397
LAW,5206
LAW,5407
LAW,5386
LAW,5333
LAW,5397
LAW,5386
LAW,6207
LAW,5408
LAW,5340
LAW,5299
LAW,7397
LAW,5256
LAW,5386
LAW,5303
LAW,5283
LAW,5362
LAW,5320
LAW,6207
LAW,6207
LAW,6334
LAW,6218
LAW,5210
LAW,5378
LAW,5386
LAW,5600
LAW,5202
LAW,5364
LAW,6350
LAW,5303
LAW,5459
LAW,6240
LAW,5120
LAW,7328
LAW,5342
LAW,5271
LAW,5218
LAW,6207
LAW,6369
LAW,5323
LAW,7305
LAW,6213
LAW,5199
LAW,5297
LAW,5378
LAW,6316
LAW,6241
LAW,5203
LAW,6321
LAW,5386
LAW,5386
LAW,5297
LAW,5497
LAW,5103
LAW,5297
LAW,5197
LAW,5201
LAW,5298
LAW,5386
LAW,6237
LAW,5229
LAW,5183
LAW,5497
LAW,5297
LAW,5386
LAW,5386
LAW,5378
LAW,6207
LAW,6300
LAW,5392
LAW,5497
LAW,5381
LAW,6369
LAW,6239
LAW,5297
LAW,5197
LAW,6237
LAW,5375
LAW,5405
LAW,6358
LAW,5123
LAW,7308
LAW,6369
LAW,5397
LAW,7331
LAW,5353
LAW,6207
LAW,6209
LAW,6235
LAW,7307
LAW,6240
LAW,5353
LAW,5379
LAW,5397
LAW,5326
LAW,5333
LAW,6235
LAW,6234
LAW,6356
LAW,5197
LAW,6207
LAW,5381
LAW,5209
LAW,5300
LAW,6392
LAW,5333
LAW,5120
LAW,5322
LAW,5365
LAW,6203
LAW,6321
LAW,5297
LAW,5247
LAW,5420
LAW,5386
LAW,5386
LAW,5345
LAW,5309
LAW,7397
LAW,5266
LAW,7397
LAW,5110
LAW,5245
LAW,5197
LAW,5410
LAW,5386
LAW,5381
LAW,5198
LAW,5328
LAW,5397
LAW,6207
LAW,5386
LAW,5398
LAW,6355
LAW,6386
LAW,5386
LAW,5397
LAW,6333
MANA,7339
MANA,7373
MANA,7397
MANA,7339
MANA,4337
MANA,4355
MANA,3335
MANA,8999
MANA,3335
MANA,"   6A32"
MANA,"   6A32"
MANA,4336
MANA,8336
MANA,8999
MANA,4331
MANA,3335
MANA,7347
MANA,4350
MANA,3335
MANA,7375
MANA,7395
MANA,4330
MANA,4333
MANA,6383
MANA,4346
MANA,7358
MANA,7334
MANA,4336
MANA,4346
MANA,3335
MANA,3335
MANA,7330
MANA,8999
MANA,4347
MANA,"   7A49"
MANA,7336
MANA,4330
MANA,7356
MANA,4346
MANA,7382
MANA,4346
MANA,4397
MANA,7355
MANA,7351
MANA,4396
MANA,4356
MANA,7332
MANA,4353
MANA,4355
MANA,4353
MANA,4347
MANA,4385
MANA,7397
MANA,4338
MANA,4355
MANA,4337
MANA,"   6A25"
MANA,7397
MANA,7312
MANA,4348
MANA,7356
MANA,4330
MANA,3335
MANA,8345
MANA,4350
MANA,4356
MANA,6310
MANA,4338
MANA,4330
MANA,4358
MANA,3335
MANA,4385
MANA,8399
MANA,"   6A83"
MANA,7354
MANA,7380
MANA,7329
MANA,4341
MANA,3335
MANA,4331
MANA,4310
MANA,4353
MANA,4347
MARK,3337
MARK,4380
MARK,7347
MARK,4380
MARK,4398
MARK,4365
MARK,4376
MARK,"   7A44"
MARK,4362
MARK,4373
MARK,6398
MARK,3339
MARK,3339
MARK,7332
MARK,4390
MARK,4332
MARK,4365
MARK,4338
MARK,3336
MARK,8999
MARK,4379
MARK,4398
MARK,4396
MARK,4376
MARK,8398
MARK,7399
MARK,7365
MARK,7368
MARK,4198
MARK,4332
MARK,3339
MARK,4374
MARK,3337
MARK,3339
MARK,4332
MARK,3336
MARK,3336
MARK,3336
MARK,8999
MARK,8338
MARK,7332
MARK,4398
MARK,4373
MARK,3339
MARK,6361
MARK,3339
MARK,4375
MARK,4374
MARK,4365
MARK,4397
MARK,"   6A61"
MARK,8999
MARK,8999
MARK,3337
MARK,4339
MARK,6361
MARK,3339
MARK,3339
MARK,3337
MARK,4365
MARK,4338
MARK,7397
MARK,4363
MARK,4379
MAS,2340
MAS,2340
MAS,3343
MAS,3344
MAS,3340
MATH,8699
MATH,1324
MATH,1351
MATH,8398
MATH,3336
MATH,2312
MATH,6315
MATH,1324
MATH,2414
MATH,1351
MATH,2414
MATH,3339
MATH,1314
MATH,3336
MATH,6315
MATH,3396
MATH,6398
MATH,3321
MATH,8399
MATH,3339
MATH,8699
MATH,3325
MATH,3363
MATH,8398
MATH,3307
MATH,4323
MATH,8698
MATH,8398
MATH,6398
MATH,3330
MATH,3339
MATH,3364
MATH,4396
MATH,2131
MATH,3333
MATH,3339
MATH,2413
MATH,5344
MATH,2312
MATH,3330
MATH,6381
MATH,8698
MATH,6359
MATH,4377
MATH,2415
MATH,8398
MATH,3321
MATH,1342
MATH,6359
MATH,3331
MATH,2413
MATH,3338
MATH,4383
MATH,4362
MATH,4380
MATH,2413
MATH,1342
MATH,7315
MATH,6303
MATH,6398
MATH,6383
MATH,8698
MATH,1325
MATH,3339
MATH,8698
MATH,2318
MATH,3325
MATH,1100
MATH,3304
MATH,1342
MATH,6315
MATH,4389
MATH,8698
MATH,1300
MATH,1324
MATH,1314
MATH,8699
MATH,6395
MATH,1342
MATH,3363
MATH,1451
MATH,7352
MATH,6309
MATH,3399
MATH,8398
MATH,2415
MATH,4309
MATH,2318
MATH,1342
MATH,3363
MATH,3338
MATH,8698
MATH,1100
MATH,6373
MATH,1342
MATH,3333
MATH,1332
MATH,6371
MATH,2318
MATH,2312
MATH,4378
MATH,2131
MATH,1100
MATH,2318
MATH,6315
MATH,2414
MATH,1314
MATH,2413
MATH,1451
MATH,6374
MATH,2312
MATH,2312
MATH,1314
MATH,8399
MATH,6313
MATH,6397
MATH,6381
MATH,3331
MATH,8698
MATH,8698
MATH,1332
MATH,8698
MATH,1351
MATH,3363
MATH,2318
MATH,3379
MATH,2414
MATH,2413
MATH,2414
MATH,1100
MATH,8398
MATH,5330
MATH,6367
MATH,6397
MATH,8398
MATH,2413
MATH,4364
MATH,8698
MATH,8999
MATH,2414
MATH,3321
MATH,4315
MATH,6308
MATH,8698
MATH,4364
MATH,6398
MATH,3325
MATH,5385
MATH,6321
MATH,8698
MATH,1324
MATH,4365
MATH,3349
MATH,2414
MATH,6398
MATH,1324
MATH,3338
MATH,3321
MATH,3336
MATH,8398
MATH,2312
MATH,2413
MATH,3334
MATH,3336
MATH,4322
MATH,2312
MATH,8698
MATH,1314
MATH,5332
MATH,8698
MATH,8699
MATH,1324
MATH,8698
MATH,4332
MATH,8398
MATH,6361
MATH,8399
MATH,8398
MATH,8398
MECE,2334
MECE,6335
MECE,5397
MECE,8399
MECE,8399
MECE,8699
MECE,6384
MECE,4398
MECE,8699
MECE,8298
MECE,8598
MECE,8598
MECE,8598
MECE,3400
MECE,5397
MECE,8399
MECE,3245
MECE,8399
MECE,8598
MECE,6397
MECE,7397
MECE,8398
MECE,6397
MECE,8298
MECE,4341
MECE,4371
MECE,4331
MECE,3345
MECE,8298
MECE,8598
MECE,8398
MECE,5367
MECE,4343
MECE,7399
MECE,4398
MECE,3336
MECE,8298
MECE,5397
MECE,4340
MECE,7399
MECE,3245
MECE,8598
MECE,6399
MECE,3363
MECE,8699
MECE,7399
MECE,8598
MECE,6397
MECE,7399
MECE,8298
MECE,3369
MECE,5397
MECE,8598
MECE,8398
MECE,8298
MECE,8399
MECE,6397
MECE,3336
MECE,8398
MECE,3363
MECE,8298
MECE,6334
MECE,8598
MECE,8699
MECE,8399
MECE,8699
MECE,8298
MECE,8498
MECE,8399
MECE,6399
MECE,8298
MECE,8298
MECE,8398
MECE,3381
MECE,6374
MECE,4340
MECE,8298
MECE,6353
MECE,2361
MECE,3336
MECE,4364
MECE,8398
MECE,4341
MECE,7399
MECE,6399
MECE,8699
MECE,7399
MECE,5397
MECE,8598
MECE,8399
MECE,4399
MECE,2334
MECE,2334
MECE,6397
MECE,6364
MECE,5397
MECE,8699
MECE,8298
MECE,8298
MECE,4372
MECE,8398
MECE,8699
MECE,8598
MECE,7399
MECE,6367
MECE,2334
MECE,8198
MECE,8399
MECE,6397
MECE,4398
MECE,8398
MECE,3338
MECE,6363
MECE,8399
MECE,8298
MECE,4398
MECE,8398
MECE,2361
MECE,3360
MECE,6397
MECE,8699
MECE,3336
MECE,6322
MECE,8398
MECE,5397
MECE,8399
MECE,6111
MECE,8398
MECE,8398
MECE,6399
MECE,2334
MECE,2334
MECE,8398
MECE,8699
MECE,8399
MECE,8298
MECE,8699
MECE,8399
MECE,5397
MECE,6333
MECE,8699
MECE,8598
MECT,4276
MECT,3318
MECT,3155
MECT,4172
MECT,3355
MECT,4345
MECT,2354
MECT,1365
MECT,3367
MECT,4364
MECT,1364
MECT,3318
MECT,1364
MECT,6397
MECT,3331
MECT,3358
MECT,3342
MECT,3331
MECT,2354
MECT,4372
MECT,3155
MECT,4331
MECT,3355
MECT,3341
MECT,1330
MECT,3360
MECT,4188
MECT,6397
MECT,3118
MECT,4350
MECT,4275
MECT,3365
MECT,4172
MECT,3118
MECT,3330
MECT,6396
MECT,4188
MECT,6397
MIS,3376
MIS,4397
MIS,4374
MIS,8999
MIS,3376
MIS,7397
MIS,6398
MIS,7397
MIS,7397
MIS,3370
MIS,4386
MIS,4374
MIS,4477
MIS,3371
MIS,4390
MIS,7373
MIS,4378
MIS,4397
MIS,6341
MIS,4397
MIS,3360
MIS,7375
MIS,4397
MIS,3376
MIS,3376
MIS,4378
MIS,3360
MIS,4397
MIS,7378
MIS,8999
MIS,4397
MIS,4397
MIS,7381
MIS,8999
MIS,7397
MIS,4374
MIS,7397
MIS,3360
MIS,3370
MIS,3370
MIS,4374
MIS,7373
MIS,3360
MIS,7397
MIS,8396
MIS,7375
MIS,8397
MIS,3376
MIS,7376
MIS,8999
MIS,4378
MIS,8397
MIS,4397
MIS,3370
MIS,4477
MIS,4381
MSCI,1220
MSCI,1220
MSCI,1220
MSCI,2220
MSCI,1220
MSCI,1220
MSCI,1220
MSCI,1220
MSCI,2220
MSCI,1220
MSCI,3320
MSCI,4398
MSCI,1126
MSCI,1220
MSCI,4320
MSCI,1131
MTLS,6111
MTLS,6320
MUED,3101
MUED,4231
MUED,4340
MUED,3107
MUED,2342
MUED,3100
MUED,3108
MUED,4231
MUED,4221
MUED,3102
MUED,3102
MUED,4231
MUED,3106
MUED,3103
MUED,2342
MUED,3108
MUED,2320
MUED,2320
MUED,4231
MUED,4305
MUED,4340
MUED,7305
MUED,8398
MUED,3104
MUED,3320
MUED,2342
MUED,2342
MUSA,3444
MUSA,6304
MUSA,2300
MUSA,6143
MUSA,4400
MUSA,6340
MUSA,4189
MUSA,2300
MUSA,3432
MUSA,6300
MUSA,4189
MUSA,4420
MUSA,2300
MUSA,4189
MUSA,4189
MUSA,3410
MUSA,6310
MUSA,4440
MUSA,6304
MUSA,8320
MUSA,8320
MUSA,3420
MUSA,8320
MUSA,1330
MUSA,3440
MUSA,8240
MUSA,2300
MUSA,6434
MUSA,4189
MUSA,2324
MUSA,1340
MUSA,8320
MUSA,4444
MUSA,3426
MUSA,1340
MUSA,6204
MUSA,4189
MUSA,2300
MUSA,8320
MUSA,6324
MUSA,8420
MUSA,4410
MUSA,2340
MUSA,3450
MUSA,4189
MUSA,3400
MUSA,8243
MUSA,4402
MUSA,4189
MUSA,2348
MUSA,3430
MUSA,4440
MUSA,2330
MUSA,8320
MUSA,8320
MUSA,1342
MUSA,2346
MUSA,1336
MUSA,1346
MUSA,8242
MUSA,2300
MUSA,8320
MUSA,4410
MUSA,8243
MUSA,6300
MUSA,2320
MUSA,2336
MUSA,4448
MUSA,4438
MUSA,8420
MUSA,4420
MUSA,4400
MUSA,6304
MUSA,1326
MUSA,2350
MUSA,1334
MUSA,8320
MUSA,6440
MUSA,4400
MUSA,3410
MUSA,8243
MUSA,8320
MUSA,4450
MUSA,3442
MUSA,6422
MUSA,3424
MUSA,1378
MUSA,8240
MUSA,6300
MUSA,3420
MUSA,2338
MUSA,4400
MUSA,8241
MUSA,8243
MUSA,8242
MUSA,3424
MUSA,4432
MUSA,3410
MUSA,8240
MUSA,6204
MUSA,6400
MUSA,8241
MUSA,4189
MUSA,4434
MUSA,8320
MUSA,2342
MUSA,6310
MUSA,1344
MUSA,6344
MUSA,6310
MUSA,3442
MUSA,2300
MUSA,8320
MUSA,3434
MUSA,1300
MUSA,8320
MUSA,4189
MUSA,1324
MUSA,6330
MUSA,4189
MUSA,1300
MUSA,8240
MUSA,3422
MUSA,6326
MUSA,8320
MUSA,3402
MUSA,2300
MUSA,6310
MUSA,2344
MUSA,3402
MUSA,2378
MUSA,1322
MUSA,6334
MUSA,1300
MUSA,4400
MUSA,1300
MUSA,3400
MUSA,1176
MUSA,6420
MUSA,8240
MUSA,6300
MUSA,3400
MUSA,4424
MUSA,2348
MUSA,3438
MUSA,3432
MUSA,8220
MUSA,6304
MUSA,3400
MUSA,6322
MUSA,6140
MUSA,8320
MUSA,6141
MUSA,4410
MUSA,2334
MUSA,8241
MUSA,3422
MUSA,3434
MUSA,8320
MUSA,6141
MUSA,4430
MUSA,6342
MUSA,8242
MUSA,4189
MUSA,1350
MUSA,3448
MUSA,2320
MUSA,8320
MUSA,4189
MUSA,2334
MUSA,1276
MUSA,4432
MUSA,4189
MUSA,1342
MUSA,8242
MUSA,6140
MUSA,8240
MUSA,6436
MUSA,6434
MUSA,4189
MUSA,6141
MUSA,2324
MUSA,4402
MUSA,4434
MUSA,4436
MUSA,3400
MUSA,1340
MUSA,6320
MUSA,1320
MUSA,6312
MUSA,2332
MUSA,1348
MUSA,6450
MUSA,6410
MUSA,2342
MUSA,4442
MUSA,2202
MUSA,4189
MUSA,2340
MUSA,3436
MUSA,8240
MUSA,4189
MUSA,2330
MUSA,4189
MUSA,8220
MUSA,8240
MUSA,6300
MUSA,3440
MUSA,3446
MUSA,4400
MUSA,1338
MUSA,4400
MUSA,8240
MUSA,8242
MUSA,8241
MUSA,1330
MUSI,6106
MUSI,8296
MUSI,8106
MUSI,6100
MUSI,8106
MUSI,4198
MUSI,6341
MUSI,2182
MUSI,2117
MUSI,2302
MUSI,1140
MUSI,4198
MUSI,1110
MUSI,8296
MUSI,6114
MUSI,1311
MUSI,4197
MUSI,1181
MUSI,2214
MUSI,4198
MUSI,1120
MUSI,6104
MUSI,1102
MUSI,4397
MUSI,8398
MUSI,6329
MUSI,6398
MUSI,2160
MUSI,1220
MUSI,6200
MUSI,8296
MUSI,6198
MUSI,4198
MUSI,1102
MUSI,1102
MUSI,6106
MUSI,4120
MUSI,6300
MUSI,6198
MUSI,4198
MUSI,2188
MUSI,1102
MUSI,1103
MUSI,8296
MUSI,2117
MUSI,4330
MUSI,6198
MUSI,2182
MUSI,1220
MUSI,4198
MUSI,1102
MUSI,2182
MUSI,1102
MUSI,4250
MUSI,1117
MUSI,8296
MUSI,1122
MUSI,1303
MUSI,4298
MUSI,4379
MUSI,6198
MUSI,8351
MUSI,6300
MUSI,6100
MUSI,1312
MUSI,4100
MUSI,6397
MUSI,2214
MUSI,1110
MUSI,1102
MUSI,6300
MUSI,2117
MUSI,1182
MUSI,1312
MUSI,6198
MUSI,4198
MUSI,6198
MUSI,8301
MUSI,4198
MUSI,4312
MUSI,6397
MUSI,4198
MUSI,4104
MUSI,2117
MUSI,1102
MUSI,4397
MUSI,6198
MUSI,8106
MUSI,6397
MUSI,8106
MUSI,6350
MUSI,6101
MUSI,4100
MUSI,3301
MUSI,6298
MUSI,6198
MUSI,1117
MUSI,1312
MUSI,6198
MUSI,1121
MUSI,6314
MUSI,4298
MUSI,6361
MUSI,2214
MUSI,6198
MUSI,1307
MUSI,1121
MUSI,4102
MUSI,2182
MUSI,6330
MUSI,6112
MUSI,4198
MUSI,4361
MUSI,4198
MUSI,1182
MUSI,4120
MUSI,6102
MUSI,3216
MUSI,8106
MUSI,3303
MUSI,6120
MUSI,3216
MUSI,2214
MUSI,4198
MUSI,6198
MUSI,6106
MUSI,4198
MUSI,6397
MUSI,8300
MUSI,2182
MUSI,1102
MUSI,6198
MUSI,4198
MUSI,1116
MUSI,1102
MUSI,2302
MUSI,6351
MUSI,1182
MUSI,6101
MUSI,4198
MUSI,1102
MUSI,3364
MUSI,1307
MUSI,6261
MUSI,8399
MUSI,8106
MUSI,1102
MUSI,3303
MUSI,4399
MUSI,1117
MUSI,4304
MUSI,4298
MUSI,2362
MUSI,6198
MUSI,6350
MUSI,7399
NAVY,4301
NAVY,3301
NAVY,4302
NSS,4345
NURS,4318
NURS,4219
NURS,4419
NURS,8208
NURS,3314
NURS,4221
NURS,3633
NURS,3247
NURS,3440
NURS,6332
NURS,4221
NURS,6301
NURS,6330
NURS,3312
NURS,4312
NURS,3631
NURS,4211
NURS,6351
NURS,4219
NURS,4318
NURS,3230
NURS,3313
NURS,4322
NURS,6309
NURS,8207
NURS,4213
NURS,3314
NUTR,6311
NUTR,4345
NUTR,6306
NUTR,4312
NUTR,4349
NUTR,6308
NUTR,4353
NUTR,6307
NUTR,2332
NUTR,2133
NUTR,4348
NUTR,4333
NUTR,6316
NUTR,3330
NUTR,6312
NUTR,4334
NUTR,3101
NUTR,4201
NUTR,6305
NUTR,4347
NUTR,4352
NUTR,4351
NUTR,2333
NUTR,2133
NUTR,3336
NUTR,2332
NUTR,4346
NUTR,3334
NUTR,4348
NUTR,2332
NUTR,2332
OPTO,7330
OPTO,5135
OPTO,5331
OPTO,5172
OPTO,5335
OPTO,5172
OPTO,7337
OPTO,5198
OPTO,7130
OPTO,7162
OPTO,5194
OPTO,6351
OPTO,6151
OPTO,6251
OPTO,7162
OPTO,8992
OPTO,5250
OPTO,6333
OPTO,5198
OPTO,7130
OPTO,7130
OPTO,5194
OPTO,6250
OPTO,6174
OPTO,7262
OPTO,8696
OPTO,6351
OPTO,5221
OPTO,5194
OPTO,5315
OPTO,8991
OPTO,5112
OPTO,7495
OPTO,8992
OPTO,6374
OPTO,8993
OPTO,7494
OPTO,7262
OPTO,7253
OPTO,7130
OPTO,8338
OPTO,7494
OPTO,5198
OPTO,8991
OPTO,6312
OPTO,6312
OPTO,6351
OPTO,8384
OPTO,5298
OPTO,5198
OPTO,8338
OPTO,7495
OPTO,7120
OPTO,7383
OPTO,6374
OPTO,6124
OPTO,7130
OPTO,6174
OPTO,8993
OPTO,5331
OPTO,6174
OPTO,5335
OPTO,5172
OPTO,8990
OPTO,5315
OPTO,5272
OPTO,5221
OPTO,6124
OPTO,5112
OPTO,6335
OPTO,6260
OPTO,8384
OPTO,5194
OPTO,5135
OPTO,6251
OPTO,7337
OPTO,5135
OPTO,5198
OPTO,8993
OPTO,5298
OPTO,7383
OPTO,5135
OPTO,5172
OPTO,5172
OPTO,6151
OPTO,5298
OPTO,7162
OPTO,6291
OPTO,5198
OPTO,6291
OPTO,8696
OPTO,6151
OPTO,7162
OPTO,8696
OPTO,5272
OPTO,5112
OPTO,6333
OPTO,6174
OPTO,7253
OPTO,8384
OPTO,5298
OPTO,7130
OPTO,5298
OPTO,5198
OPTO,5112
OPTO,8991
OPTO,5282
OPTO,5198
OPTO,5172
OPTO,5198
OPTO,5172
OPTO,8992
OPTO,5282
OPTO,5172
OPTO,7120
OPTO,7130
OPTO,7130
OPTO,5198
OPTO,6335
OPTO,6151
OPTO,5198
PCEU,8399
PCEU,6298
PCEU,6198
PCEU,7181
PCEU,6198
PCEU,8698
PCEU,6298
PCEU,7355
PCEU,6298
PCEU,8498
PCEU,6398
PCEU,8998
PCEU,8398
PCEU,7142
PCEU,6198
PCEU,8399
PCEU,8998
PCEU,6498
PCEU,6498
PCEU,6498
PCEU,6498
PCEU,8698
PCEU,8399
PCEU,6398
PCOL,6345
PCOL,6298
PCOL,6498
PCOL,6398
PCOL,8498
PCOL,6398
PCOL,6298
PCOL,7142
PCOL,6298
PCOL,6371
PCOL,6298
PCOL,8998
PCOL,6198
PCOL,6198
PCOL,8399
PCOL,7181
PCOL,6198
PCOL,8398
PCOL,6198
PCOL,8698
PCOL,8998
PCOL,8698
PCOL,6198
PCOL,6498
PCOL,7350
PCOL,7370
PCOL,8199
PCOL,6198
PCOL,6498
PCOL,8998
PCOL,6498
PCOL,6198
PCOL,8998
PEP,7398
PEP,6321
PEP,8699
PEP,8699
PEP,7398
PEP,8350
PEP,7398
PEP,8350
PEP,7398
PEP,8699
PEP,8999
PEP,8999
PEP,8399
PEP,7397
PEP,7398
PEP,7398
PEP,8350
PEP,7393
PEP,6322
PEP,7398
PEP,7397
PEP,8399
PEP,8350
PEP,7397
PEP,8314
PEP,8399
PEP,7399
PEP,7398
PEP,8334
PEP,8399
PEP,7307
PEP,8323
PEP,8699
PETR,6326
PETR,8298
PETR,3321
PETR,6302
PETR,7399
PETR,1111
PETR,8598
PETR,3318
PETR,6326
PETR,8298
PETR,3363
PETR,8498
PETR,7397
PETR,8598
PETR,8999
PETR,6312
PETR,8398
PETR,6397
PETR,8399
PETR,8399
PETR,8598
PETR,5397
PETR,6397
PETR,8398
PETR,6351
PETR,8699
PETR,3310
PETR,8298
PETR,2111
PETR,8298
PETR,8298
PETR,8699
PETR,8699
PETR,7399
PETR,8398
PETR,8598
PETR,8298
PETR,8598
PETR,6111
PETR,8598
PETR,2313
PETR,6111
PETR,6399
PETR,8298
PETR,6302
PETR,8398
PETR,5397
PETR,2311
PETR,6397
PETR,6364
PETR,8999
PETR,8399
PETR,5397
PETR,8398
PETR,8598
PETR,4311
PETR,8598
PETR,6364
PETR,6351
PETR,7399
PETR,8398
PETR,6320
PETR,8399
PETR,6320
PETR,8598
PETR,4312
PETR,8999
PETR,8699
PETR,8699
PETR,8399
PETR,6397
PETR,3318
PETR,7397
PETR,7399
PETR,8298
PETR,8999
PETR,8298
PETR,8398
PETR,7397
PETR,6312
PETR,3372
PETR,8298
PHAR,5675
PHAR,5297
PHAR,5683
PHAR,5368
PHAR,5675
PHAR,5692
PHAR,5681
PHAR,5672
PHAR,5297
PHAR,5693
PHAR,5169
PHAR,4160
PHAR,5696
PHAR,5681
PHAR,5368
PHAR,5680
PHAR,5367
PHAR,5668
PHAR,5678
PHAR,5297
PHAR,5683
PHAR,5208
PHAR,5259
PHAR,5297
PHAR,5297
PHAR,4331
PHAR,4275
PHAR,4200
PHAR,5218
PHAR,5270
PHAR,4221
PHAR,5330
PHAR,5266
PHAR,5218
PHAR,5270
PHAR,5690
PHAR,5297
PHAR,5675
PHAR,5644
PHAR,5297
PHAR,4340
PHAR,5219
PHAR,5645
PHAR,5662
PHAR,5259
PHAR,5670
PHAR,5269
PHAR,5694
PHAR,5695
PHAR,5686
PHAR,5297
PHAR,5330
PHAR,5663
PHAR,5662
PHAR,5297
PHAR,5662
PHAR,5683
PHAR,5297
PHAR,5679
PHAR,5690
PHAR,5228
PHAR,5690
PHAR,5674
PHAR,4265
PHAR,5329
PHAR,5675
PHAR,5228
PHAR,5327
PHAR,4251
PHAR,5327
PHAR,5297
PHAR,5367
PHAR,5663
PHAR,5329
PHAR,5685
PHAR,5642
PHAR,4275
PHCA,8298
PHCA,8199
PHCA,8398
PHCA,8698
PHCA,8298
PHCA,8310
PHCA,7181
PHCA,8199
PHCA,8199
PHCA,8698
PHCA,7307
PHCA,7320
PHCA,8298
PHCA,6297
PHCA,6181
PHCA,7330
PHCA,8298
PHCA,8698
PHCA,8698
PHCA,8298
PHCA,8398
PHCA,8298
PHCA,7301
PHCA,8298
PHCA,6181
PHCA,8199
PHCA,7181
PHCA,8199
PHCA,6298
PHCA,8698
PHED,1306
PHED,1306
PHIL,1305
PHIL,1321
PHIL,6398
PHIL,1301
PHIL,3395
PHIL,1321
PHIL,1334
PHIL,6398
PHIL,6395
PHIL,1361
PHIL,1321
PHIL,3333
PHIL,6398
PHIL,1301
PHIL,1361
PHIL,6396
PHIL,3386
PHIL,1301
PHIL,3354
PHIL,3395
PHIL,4398
PHIL,3395
PHIL,1301
PHIL,3382
PHIL,1361
PHIL,3355
PHIL,3358
PHIL,6395
PHIL,1305
PHIL,1305
PHIL,4398
PHIL,1301
PHIL,4399
PHIL,3344
PHIL,3371
PHIL,1361
PHIL,3395
PHIL,1305
PHIL,1321
PHIL,1305
PHLA,6213
PHLA,6100
PHLA,6240
PHLA,6250
PHLA,7299
PHLA,7199
PHLA,"   7A20"
PHLA,7299
PHLA,7299
PHLA,7299
PHLA,7299
PHLA,6120
PHLS,8193
PHLS,8399
PHLS,7193
PHLS,8699
PHLS,8399
PHLS,8335
PHLS,8699
PHLS,8399
PHLS,7303
PHLS,8199
PHLS,6313
PHLS,6391
PHLS,8393
PHLS,8300
PHLS,8398
PHLS,8199
PHLS,8199
PHLS,7350
PHLS,7303
PHLS,6320
PHLS,8334
PHLS,8699
PHLS,8699
PHLS,7303
PHLS,8322
PHLS,8199
PHLS,8398
PHLS,6391
PHLS,7398
PHLS,8699
PHLS,8347
PHLS,8699
PHLS,8699
PHLS,8699
PHLS,6315
PHLS,8699
PHLS,7377
PHLS,7393
PHLS,8398
PHLS,7398
PHLS,8199
PHLS,7398
PHLS,8367
PHLS,8399
PHLS,8399
PHLS,8999
PHLS,7327
PHLS,8193
PHLS,7398
PHLS,8305
PHLS,8399
PHLS,6352
PHLS,7398
PHLS,8199
PHLS,6352
PHLS,6323
PHLS,7303
PHLS,8999
PHLS,7393
PHLS,8699
PHLS,6312
PHLS,8307
PHLS,8199
PHLS,8999
PHLS,6370
PHLS,8393
PHLS,6315
PHLS,8328
PHLS,7393
PHLS,6314
PHLS,8398
PHLS,8393
PHLS,8362
PHLS,8699
PHLS,6313
PHLS,6323
PHLS,8398
PHLS,6391
PHLS,6312
PHLS,8399
PHOP,7399
PHOP,6557
PHOP,8399
PHOP,8598
PHOP,8899
PHOP,8199
PHOP,8499
PHOP,7399
PHOP,8598
PHOP,6167
PHOP,6167
PHOP,6371
PHOP,8199
PHOP,6198
PHOP,8898
PHOP,6257
PHOP,6198
PHOP,8898
PHOP,6160
PHOP,8498
PHOP,6567
PHOP,8998
PHOP,6467
PHOP,6257
PHOP,6757
PHOP,8798
PHOP,8299
PHOP,6198
PHOP,6198
PHOP,6257
PHOP,8199
PHOP,8299
PHOP,8698
PHOP,6257
PHOP,6657
PHOP,6198
PHOP,7241
PHOP,6457
PHOP,8798
PHOP,7242
PHOP,6371
PHOP,6198
PHOP,8199
PHOP,8598
PHOP,6167
PHOP,7399
PHOP,6198
PHOP,6167
PHOP,6198
PHOP,6198
PHOP,8798
PHOP,7276
PHOP,6357
PHOP,8798
PHOP,6757
PHOP,6757
PHOP,8399
PHOP,7243
PHOP,6257
PHOP,8399
PHOP,6357
PHOP,6757
PHOP,8198
PHOP,8399
PHOP,7241
PHOP,6198
PHOP,6257
PHYS,1102
PHYS,3110
PHYS,1101
PHYS,3315
PHYS,1101
PHYS,1101
PHYS,8698
PHYS,3327
PHYS,1102
PHYS,2126
PHYS,8398
PHYS,1102
PHYS,8399
PHYS,1101
PHYS,1102
PHYS,8998
PHYS,8998
PHYS,1101
PHYS,8698
PHYS,2125
PHYS,1101
PHYS,2126
PHYS,2126
PHYS,1302
PHYS,1101
PHYS,8398
PHYS,1102
PHYS,8399
PHYS,1101
PHYS,7345
PHYS,8698
PHYS,1102
PHYS,3112
PHYS,2126
PHYS,1101
PHYS,1102
PHYS,6354
PHYS,8698
PHYS,6363
PHYS,4399
PHYS,1101
PHYS,1101
PHYS,2125
PHYS,1301
PHYS,1101
PHYS,6316
PHYS,4360
PHYS,8998
PHYS,3305
PHYS,2126
PHYS,1101
PHYS,4340
PHYS,1102
PHYS,8998
PHYS,1101
PHYS,8698
PHYS,1101
PHYS,1102
PHYS,1102
PHYS,8998
PHYS,1304
PHYS,8399
PHYS,1101
PHYS,8398
PHYS,1102
PHYS,2125
PHYS,8998
PHYS,8999
PHYS,1102
PHYS,1301
PHYS,2125
PHYS,8998
PHYS,1101
PHYS,8998
PHYS,8998
PHYS,1301
PHYS,2326
PHYS,8399
PHYS,1101
PHYS,4322
PHYS,8998
PHYS,8998
PHYS,1101
PHYS,1102
PHYS,8399
PHYS,3313
PHYS,8399
PHYS,8698
PHYS,1102
PHYS,1101
PHYS,6198
PHYS,1101
PHYS,1102
PHYS,8998
PHYS,2125
PHYS,3316
PHYS,2125
PHYS,6321
PHYS,2125
PHYS,8998
PHYS,1302
PHYS,1102
PHYS,1102
PHYS,1101
PHYS,1101
PHYS,8998
PHYS,1102
PHYS,1101
PHYS,1102
PHYS,3214
PHYS,2125
PHYS,4345
PHYS,1101
PHYS,1101
PHYS,1102
PHYS,8399
PHYS,2125
PHYS,8998
PHYS,1301
PHYS,1102
PHYS,8398
PHYS,8199
PHYS,1101
PHYS,8998
PHYS,8998
PHYS,1301
PHYS,8698
PHYS,2126
PHYS,2326
PHYS,1102
PHYS,1102
PHYS,7397
PHYS,2325
PHYS,1101
PHYS,8399
PHYS,1102
PHYS,1102
PHYS,8998
PHYS,1102
PHYS,1101
PHYS,1101
PHYS,1102
PHYS,8998
PHYS,1302
PHYS,1303
PHYS,1101
PHYS,1102
PHYS,1102
PHYS,1101
PHYS,6327
PHYS,1101
PHYS,1102
PHYS,1102
PHYS,1102
PHYS,1102
PHYS,2126
PHYS,4198
PHYS,1101
PHYS,1102
PHYS,1101
PHYS,1101
PHYS,2325
PHYS,8399
PHYS,2126
PHYS,6398
PHYS,2325
PHYS,1102
PHYS,8398
PHYS,1102
PHYS,8698
PHYS,1102
PHYS,3312
PHYS,1101
PHYS,1301
PHYS,8998
PHYS,1102
PHYS,2125
PHYS,4360
PHYS,1101
PHYS,2125
PHYS,1102
PHYS,1102
PHYS,4337
PHYS,8998
PHYS,6321
PHYS,8698
PHYS,1102
PHYS,1102
PHYS,2125
POLC,6311
POLC,4349
POLC,4342
POLC,6330
POLC,6391
POLC,6315
POLC,4397
POLC,6317
POLC,3313
POLC,4397
POLC,3314
POLC,6342
POLC,6330
POLC,6397
POLC,6372
POLC,6320
POLC,6317
POLC,6320
POLS,8999
POLS,3312
POLS,6381
POLS,3316
POLS,3358
POLS,3311
POLS,3310
POLS,8699
POLS,3362
POLS,3312
POLS,3326
POLS,3372
POLS,3313
POLS,3310
POLS,4343
POLS,4390
POLS,3335
POLS,8999
POLS,6355
POLS,3333
POLS,8399
POLS,8999
POLS,3322
POLS,3367
POLS,3341
POLS,3344
POLS,8999
POLS,6398
POLS,3310
POLS,3310
POLS,3311
POLS,1335
POLS,3312
POLS,3349
POLS,6389
POLS,3376
POLS,3364
POLS,3357
POLS,3310
POLS,3368
POLS,4598
POLS,3312
POLS,3386
POLS,3370
POLS,8999
POLS,3310
POLS,4365
POLS,8999
POLS,3352
POLS,6367
POLS,4398
POLS,3311
POLS,3314
POLS,6399
POLS,3315
POLS,6317
POLS,3313
POLS,6359
POLS,8999
POLS,3311
POLS,3331
POLS,8399
POLS,6323
POLS,4398
POLS,8999
POLS,4398
POLS,8999
POLS,3325
POLS,3319
POLS,3355
POLS,6341
POLS,8999
POLS,3313
POLS,6396
POLS,3356
POLS,3313
POLS,8399
POLS,3316
POLS,3318
POLS,8399
POLS,3395
POLS,3309
POLS,3385
POLS,4391
POLS,8699
POLS,3345
POLS,3348
POLS,6331
POLS,3312
POLS,3311
POLS,4498
POLS,3354
POLS,3331
POLS,3395
POLS,7399
PSYC,4398
PSYC,7399
PSYC,3341
PSYC,3350
PSYC,4363
PSYC,2305
PSYC,2308
PSYC,3339
PSYC,3325
PSYC,6498
PSYC,2308
PSYC,7397
PSYC,6352
PSYC,6397
PSYC,6393
PSYC,2305
PSYC,7399
PSYC,4321
PSYC,4321
PSYC,3350
PSYC,8399
PSYC,2344
PSYC,2301
PSYC,4397
PSYC,3310
PSYC,3341
PSYC,6598
PSYC,3331
PSYC,8392
PSYC,2344
PSYC,7399
PSYC,4498
PSYC,2344
PSYC,6359
PSYC,2305
PSYC,6336
PSYC,8399
PSYC,6398
PSYC,4398
PSYC,2305
PSYC,2301
PSYC,7338
PSYC,6399
PSYC,6398
PSYC,7399
PSYC,6399
PSYC,6398
PSYC,7394
PSYC,2307
PSYC,3301
PSYC,2308
PSYC,3350
PSYC,6357
PSYC,6398
PSYC,7398
PSYC,2301
PSYC,6393
PSYC,8399
PSYC,8999
PSYC,3310
PSYC,6365
PSYC,6336
PSYC,6598
PSYC,2305
PSYC,6399
PSYC,2301
PSYC,3301
PSYC,7392
PSYC,8397
PSYC,7399
PSYC,7397
PSYC,2344
PSYC,6399
PSYC,6397
PSYC,6398
PSYC,3310
PSYC,8399
PSYC,6365
PSYC,8399
PSYC,3350
PSYC,6392
PSYC,3341
PSYC,6398
PSYC,6336
PSYC,3325
PSYC,6336
PSYC,3331
PSYC,6365
PSYC,2344
PSYC,2305
PSYC,7393
PSYC,8399
PSYC,7397
PSYC,4398
PSYC,6398
PSYC,4399
PSYC,3399
PSYC,7399
PSYC,4397
PSYC,6359
PSYC,4371
PSYC,4321
PSYC,8399
PSYC,4399
PSYC,2319
PSYC,6365
PSYC,8190
PSYC,3350
PSYC,7399
PSYC,4321
PSYC,6352
PSYC,3301
PSYC,3301
PSYC,7399
PSYC,8121
PSYC,6498
PSYC,3325
PSYC,3301
PSYC,4398
PSYC,2307
PSYC,7399
PSYC,6397
PSYC,2301
PSYC,6337
PSYC,6498
PSYC,4397
PSYC,7392
PSYC,4399
PSYC,7392
PSYC,6598
PSYC,3341
PSYC,3337
PSYC,6302
PSYC,6352
PSYC,3325
PSYC,3339
PSYC,4397
PSYC,7393
PSYC,4398
PSYC,3341
PSYC,7399
PSYC,8399
PSYC,4321
PSYC,3347
PSYC,2305
PSYC,6359
PSYC,3339
PSYC,3325
PSYC,4347
PSYC,8399
PSYC,7399
PSYC,8999
PSYC,3350
PSYC,2319
PSYC,6598
PSYC,8999
PSYC,3325
PSYC,8399
PSYC,4321
PSYC,6393
PSYC,6365
PSYC,6397
PSYC,6399
PSYC,6398
PSYC,4321
PSYC,2305
PSYC,8399
PSYC,4399
PSYC,2305
PSYC,7392
PSYC,8399
PSYC,8399
PSYC,4315
PSYC,6365
PSYC,8699
PSYC,6398
PSYC,2305
PSYC,6398
PSYC,6393
PSYC,8399
PSYC,2319
PSYC,4303
PSYC,6316
PSYC,4398
PSYC,3325
PSYC,8999
PSYC,6358
PSYC,6365
PSYC,6397
PSYC,6393
PSYC,6393
PSYC,8399
PSYC,8699
PSYC,6398
PSYC,7390
PSYC,7399
PSYC,7305
PSYC,8399
PSYC,8399
PSYC,6399
PSYC,2319
PSYC,4321
PSYC,3350
PSYC,2319
PSYC,6398
PSYC,3301
PSYC,3325
PSYC,7399
PSYC,7399
PSYC,7392
PSYC,4321
PSYC,7307
PSYC,2305
PSYC,2301
PSYC,6393
PSYC,6498
PSYC,8399
PSYC,6398
PSYC,3301
PSYC,8399
PSYC,6398
PSYC,3325
PSYC,2308
PSYC,6304
PSYC,7399
PSYC,6399
PSYC,8399
PSYC,2344
PSYC,3337
PSYC,3301
PSYC,4397
PSYC,6398
PSYC,4311
PSYC,3341
PSYC,6398
PSYC,8399
PSYC,3310
PSYC,2307
PSYC,3301
PSYC,6359
PSYC,8321
PSYC,4399
PSYC,6398
PSYC,2305
PSYC,2305
PSYC,4321
PSYC,4311
PSYC,4397
PSYC,8399
PSYC,6397
PSYC,7399
PSYC,2319
PSYC,7399
PSYC,2307
PSYC,6365
PSYC,6332
PSYC,2305
PSYC,6398
PSYC,7345
PSYC,6393
PSYC,6399
PSYC,8390
PSYC,8399
PSYC,6352
PSYC,3341
PSYC,7399
PUBL,6415
PUBL,6325
PUBL,6347
PUBL,6313
PUBL,6350
PUBL,6311
PUBL,6349
QSS,4393
RELS,3360
RELS,3380
RELS,2311
RELS,3366
RELS,1301
RELS,2360
RELS,3355
RELS,1301
RELS,3396
RELS,3396
RELS,2310
RELS,3370
RELS,2350
RELS,3360
RELS,1301
RELS,3396
RELS,3342
RELS,1301
RELS,2330
RELS,3398
SCLT,4389
SCLT,4380
SCLT,4389
SCLT,2362
SCLT,3340
SCLT,3384
SCLT,6314
SCLT,3375
SCLT,3381
SCLT,4389
SCLT,6314
SCLT,4312
SCLT,2380
SCLT,6397
SCLT,2362
SCLT,3381
SCLT,6320
SCLT,4387
SCLT,3387
SCLT,4396
SCLT,2362
SCLT,3376
SCLT,4389
SCLT,3389
SCLT,4397
SCLT,6396
SCLT,3385
SCLT,2362
SCLT,6320
SCLT,4375
SCM,3301
SCM,4367
SCM,7335
SCM,7385
SCM,3301
SCM,4302
SCM,7330
SCM,4367
SCM,4390
SCM,4351
SCM,7350
SCM,4385
SCM,3301
SCM,4351
SCM,7335
SCM,4380
SCM,3301
SCM,7390
SCM,7320
SCM,8397
SCM,"   6A01"
SCM,4380
SCM,4362
SCM,4362
SCM,4390
SCM,4390
SCM,4367
SCM,4330
SCM,4330
SCM,4350
SCM,4330
SCM,4301
SCM,"   6A01"
SEDE,7340
SEDE,7340
SEDE,4311
SGNL,2302
SGNL,1301
SGNL,1301
SGNL,1302
SGNL,1302
SGNL,2302
SGNL,2301
SGNL,1302
SGNL,2301
SGNL,2302
SGNL,1302
SGNL,1302
SGNL,1302
SGNL,1301
SGNL,1301
SGNL,1301
SOC,3385
SOC,6399
SOC,6399
SOC,7399
SOC,3340
SOC,3371
SOC,3327
SOC,3397
SOC,3315
SOC,6399
SOC,3301
SOC,3380
SOC,7399
SOC,3400
SOC,6341
SOC,3350
SOC,3352
SOC,3397
SOC,3300
SOC,3326
SOC,3355
SOC,7396
SOC,3349
SOC,4394
SOC,3313
SOC,3390
SOC,3316
SOC,6399
SOC,4399
SOC,7399
SOC,6311
SOC,3390
SOC,6380
SOC,3311
SOC,3343
SOC,7396
SOC,3351
SOC,6306
SOCI,1301
SOCI,1301
SOCI,1301
SOCI,1301
SOCI,1301
SOCI,1301
SOCI,1301
SOCI,1301
SOCI,1301
SOCI,1301
SOCI,1301
SOCI,1301
SOCI,1301
SOCI,1301
SOCI,1301
SOCI,1301
SOCI,1301
SOCW,7397
SOCW,8397
SOCW,7309
SOCW,7318
SOCW,8695
SOCW,7318
SOCW,7318
SOCW,7391
SOCW,7367
SOCW,7367
SOCW,7360
SOCW,8999
SOCW,7325
SOCW,7388
SOCW,7339
SOCW,7334
SOCW,8399
SOCW,8398
SOCW,7301
SOCW,7340
SOCW,7325
SOCW,7305
SOCW,7310
SOCW,7397
SOCW,8398
SOCW,8395
SOCW,7367
SOCW,8397
SOCW,7312
SOCW,7301
SOCW,7385
SOCW,8333
SOCW,8695
SOCW,6293
SOCW,8999
SOCW,8398
SOCW,7384
SOCW,7367
SOCW,7329
SOCW,7325
SOCW,6307
SOCW,8322
SOCW,6293
SOCW,8303
SOCW,7318
SOCW,7378
SOCW,7305
SOCW,7330
SOCW,7324
SOCW,8999
SOCW,7324
SOCW,7361
SOCW,6294
SOCW,7301
SOCW,7397
SOCW,7324
SOCW,7301
SOCW,8327
SOCW,7389
SOCW,6307
SOCW,7318
SOCW,7305
SOCW,7397
SOCW,7397
SOCW,7318
SOCW,7397
SOCW,6307
SOCW,7318
SOCW,8995
SOCW,8995
SOCW,8399
SOCW,6294
SOCW,3330
SOCW,8425
SOCW,7388
SOCW,7371
SOCW,7384
SOCW,8399
SOCW,8999
SOCW,8695
SOCW,7329
SOCW,7305
SOCW,7389
SOCW,8695
SOCW,7301
SPAC,6203
SPAC,6398
SPAC,6298
SPAC,6403
SPAC,7410
SPAN,6398
SPAN,8699
SPAN,8699
SPAN,7395
SPAN,1501
SPAN,8399
SPAN,8399
SPAN,8399
SPAN,6398
SPAN,2615
SPAN,4367
SPAN,2311
SPAN,3339
SPAN,1502
SPAN,3302
SPAN,3308
SPAN,3386
SPAN,2311
SPAN,1502
SPAN,1501
SPAN,3308
SPAN,1501
SPAN,1501
SPAN,3374
SPAN,2312
SPAN,6397
SPAN,7394
SPAN,3306
SPAN,1507
SPAN,1502
SPAN,2308
SPAN,6398
SPAN,3384
SPAN,6379
SPAN,2610
SPAN,1507
SPAN,8699
SPAN,7391
SPAN,1502
SPAN,1505
SPAN,2312
SPAN,3373
SPAN,2312
SPAN,8399
SPAN,2307
SPAN,1502
SPAN,2311
SPAN,8699
SPAN,6320
SPAN,1501
SPAN,6358
SPAN,3301
SPAN,3308
SPAN,8399
SPAN,8399
SPAN,2311
SPAN,1501
SPAN,3307
SPAN,2312
SPAN,8399
SPAN,1502
SPAN,1502
SPAN,3308
SPAN,3305
SPAN,1501
SPAN,4337
SPAN,2312
SPAN,3306
SPAN,8399
SPAN,1502
SPAN,1501
SPAN,8699
SPAN,3307
SPAN,1502
SPAN,8699
SPAN,4397
SPAN,2312
SPAN,2610
SPAN,6390
SPAN,2312
SPAN,8399
SPAN,3302
SPAN,2610
SPAN,2311
SPAN,8699
SPAN,2610
SPAN,2311
SPAN,3343
SPAN,1501
SPAN,1501
SPAN,2307
SPAN,2308
SPAN,3384
SPCH,1318
SPEC,6396
SPEC,8695
SPEC,6395
SPEC,6355
SPEC,8695
SPEC,4362
SPEC,4365
SPEC,7392
SPEC,8395
SPEC,8376
SPEC,6360
SPEC,6365
SPEC,8395
SPEC,4364
SPEC,7343
SPEC,2350
SPEC,6396
SPEC,7394
SPEC,8341
SPEC,6367
SPEC,7395
SPEC,6362
STAT,3331
SUBS,6397
SUBS,6397
SUBS,6330
SUBS,6380
SUBS,6330
SUBS,6330
SUBS,6397
SUBS,6380
SUBS,6330
SUBS,6380
SUBS,6330
TECH,6360
TECH,1313
TECH,3365
TECH,3365
TECH,3365
TECH,4310
TECH,4310
TEPM,6307
TEPM,6302
TEPM,6308
TEPM,6304
TEPM,6308
TEPM,6302
TEPM,6305
TEPM,6391
TEPM,6304
TEPM,6391
TEPM,6301
TEPM,6305
TEPM,6301
TEPM,6306
TEPM,6307
TEPM,6395
TEPM,6395
TEPM,6303
TEPM,6306
THEA,2100
THEA,4283
THEA,4390
THEA,4397
THEA,3384
THEA,2382
THEA,7141
THEA,7371
THEA,6354
THEA,6354
THEA,1111
THEA,1112
THEA,7399
THEA,7355
THEA,3364
THEA,6358
THEA,4398
THEA,7212
THEA,7302
THEA,4313
THEA,2344
THEA,4352
THEA,7222
THEA,7252
THEA,2373
THEA,3372
THEA,3362
THEA,6294
THEA,2321
THEA,2380
THEA,3333
THEA,6294
THEA,1340
THEA,3386
THEA,7324
THEA,3393
THEA,6399
THEA,3371
THEA,6304
THEA,6398
THEA,6309
THEA,4313
THEA,3332
THEA,4350
THEA,1111
THEA,4398
THEA,4380
THEA,6185
THEA,2350
THEA,4321
THEA,4323
THEA,6396
THEA,6354
THEA,6294
THEA,4367
THEA,6171
THEA,4398
THEA,4345
THEA,7305
THEA,1340
THEA,6398
THEA,7314
THEA,7304
THEA,6326
THEA,3322
THEA,3336
THEA,4600
THEA,6323
THEA,3385
THEA,1340
THEA,3321
TLIM,4341
TLIM,3330
TLIM,4342
TLIM,3331
TLIM,3330
TLIM,4397
TLIM,3330
TLIM,4341
TLIM,3363
TLIM,4340
TLIM,4341
TLIM,3360
TLIM,4378
TLIM,4342
TLIM,4371
TLIM,3330
TLIM,3363
TLIM,4335
TLIM,3345
TLIM,3345
TLIM,4342
TLIM,3340
TLIM,3355
TLIM,3330
TLIM,3363
TLIM,4342
TLIM,3300
TLIM,3365
TLIM,3363
TLIM,4341
TLIM,3363
TLIM,3360
TLIM,4371
TLIM,3350
TLIM,3363
TLIM,4342
TLIM,4390
TLIM,4378
TLIM,3340
TLIM,3330
TLIM,4372
TLIM,3371
TLIM,4350
TMTH,3360
TMTH,3360
TMTH,3360
TMTH,3360
TMTH,3360
VIET,2302
VIET,1502
WCL,2370
WCL,3372
WCL,3368
WCL,3397
WCL,6366
WCL,2352
WCL,1102
WCL,3355
WCL,4353
WCL,4396
WCL,6352
WCL,6357
WCL,3366
WCL,2380
WCL,2352
WCL,2351
WCL,4352
WCL,3376
WCL,2351
WCL,4399
WCL,2352
WCL,1102
WCL,6353
WCL,3366
WGSS,2350
WGSS,3350
WGSS,2350
WGSS,2350
WGSS,2360
WGSS,3360
WGSS,2350
WGSS,2350
WGSS,2350
WGSS,4360
WGSS,2350
WGSS,2350
WGSS,4350
WGSS,2350
WGSS,2350
WGSS,2350
WGSS,2350
WGSS,2360
WGSS,3396
WGSS,2350
WGSS,2350
WGSS,2360
WGSS,2360
WGSS,2350
WGSS,2360
WGSS,2360
WGSS,2350
WGSS,2360
WGSS,3321
WGSS,2350
WGSS,6301